entity_id,entity_type,entity_name,symbol,exchange,sector,is_active
IDX_NIFTY 50,INDEX,NIFTY 50,NIFTY 50,NSE,,TRUE
IDX_NIFTY MIDCAP 100,INDEX,NIFTY MIDCAP 100,NIFTY MIDCAP 100,NSE,,TRUE
IDX_NIFTY 100,INDEX,NIFTY 100,NIFTY 100,NSE,,TRUE
IDX_NIFTY MIDCAP 50,INDEX,NIFTY MIDCAP 50,NIFTY MIDCAP 50,NSE,,TRUE
IDX_NIFTY 200,INDEX,NIFTY 200,NIFTY 200,NSE,,TRUE
IDX_NIFTY MIDCAP 150,INDEX,NIFTY MIDCAP 150,NIFTY MIDCAP 150,NSE,,TRUE
IDX_NIFTY SMLCAP 50,INDEX,NIFTY SMLCAP 50,NIFTY SMLCAP 50,NSE,,TRUE
IDX_NIFTY SMLCAP 100,INDEX,NIFTY SMLCAP 100,NIFTY SMLCAP 100,NSE,,TRUE
IDX_NIFTY SMLCAP 250,INDEX,NIFTY SMLCAP 250,NIFTY SMLCAP 250,NSE,,TRUE
IDX_NIFTY 500,INDEX,NIFTY 500,NIFTY 500,NSE,,TRUE
IDX_NIFTY NEXT 50,INDEX,NIFTY NEXT 50,NIFTY NEXT 50,NSE,,TRUE
IDX_NIFTY TOTAL MKT,INDEX,NIFTY TOTAL MKT,NIFTY TOTAL MKT,NSE,,TRUE
IDX_NIFTY AUTO,INDEX,Auto,NIFTY AUTO,NSE,,TRUE
IDX_NIFTY BANK,INDEX,Bank,NIFTY BANK,NSE,,TRUE
IDX_NIFTY ENERGY,INDEX,Energy,NIFTY ENERGY,NSE,,TRUE
IDX_NIFTY FMCG,INDEX,FMCG,NIFTY FMCG,NSE,,TRUE
IDX_NIFTY IT,INDEX,IT,NIFTY IT,NSE,,TRUE
IDX_NIFTY MEDIA,INDEX,Media,NIFTY MEDIA,NSE,,TRUE
IDX_NIFTY METAL,INDEX,Metal,NIFTY METAL,NSE,,TRUE
IDX_NIFTY OIL AND GAS,INDEX,Oil & Gas,NIFTY OIL AND GAS,NSE,,TRUE
IDX_NIFTY PHARMA,INDEX,Pharma,NIFTY PHARMA,NSE,,TRUE
IDX_NIFTY PVT BANK,INDEX,Private bank,NIFTY PVT BANK,NSE,,TRUE
IDX_NIFTY PSU BANK,INDEX,PSU bank,NIFTY PSU BANK,NSE,,TRUE
IDX_NIFTY REALTY,INDEX,Realty,NIFTY REALTY,NSE,,TRUE
IDX_NIFTY CAPITAL MARKETS,INDEX,Capital Market,NIFTY CAPITAL MARKETS,NSE,,TRUE
IDX_NIFTY COMMODITIES,INDEX,Commodities,NIFTY COMMODITIES,NSE,,TRUE
IDX_NIFTY CPSE,INDEX,CPSE,NIFTY CPSE,NSE,,TRUE
IDX_NIFTY INDIA DEFENCE,INDEX,Defence,NIFTY INDIA DEFENCE,NSE,,TRUE
IDX_NIFTY FIN SERVICE,INDEX,Financial Services,NIFTY FIN SERVICE,NSE,,TRUE
IDX_NIFTY CONSUMPTION,INDEX,India Consumption,NIFTY CONSUMPTION,NSE,,TRUE
IDX_NIFTY INFRA,INDEX,infrastructure,NIFTY INFRA,NSE,,TRUE
IDX_NIFTY MNC,INDEX,MNC,NIFTY MNC,NSE,,TRUE
IDX_NIFTY PSE,INDEX,PSE,NIFTY PSE,NSE,,TRUE
IDX_NIFTY INDIA TOURISM,INDEX,Tourism,NIFTY INDIA TOURISM,NSE,,TRUE
STK_360ONE,STOCK,360 ONE WAM Ltd.,360ONE,NSE,,TRUE
STK_3MINDIA,STOCK,3M India Ltd.,3MINDIA,NSE,,TRUE
STK_ABB,STOCK,ABB India Ltd.,ABB,NSE,,TRUE
STK_ACC,STOCK,ACC Ltd.,ACC,NSE,,TRUE
STK_ACMESOLAR,STOCK,ACME Solar Holdings Ltd.,ACMESOLAR,NSE,,TRUE
STK_AGI,STOCK,AGI Greenpac Ltd.,AGI,NSE,,TRUE
STK_AIAENG,STOCK,AIA Engineering Ltd.,AIAENG,NSE,,TRUE
STK_APLAPOLLO,STOCK,APL Apollo Tubes Ltd.,APLAPOLLO,NSE,,TRUE
STK_ASKAUTOLTD,STOCK,ASK Automotive Ltd.,ASKAUTOLTD,NSE,,TRUE
STK_AUBANK,STOCK,AU Small Finance Bank Ltd.,AUBANK,NSE,,TRUE
STK_AWL,STOCK,AWL Agri Business Ltd.,AWL,NSE,,TRUE
STK_AADHARHFC,STOCK,Aadhar Housing Finance Ltd.,AADHARHFC,NSE,,TRUE
STK_AARTIDRUGS,STOCK,Aarti Drugs Ltd.,AARTIDRUGS,NSE,,TRUE
STK_AARTIIND,STOCK,Aarti Industries Ltd.,AARTIIND,NSE,,TRUE
STK_AARTIPHARM,STOCK,Aarti Pharmalabs Ltd.,AARTIPHARM,NSE,,TRUE
STK_AAVAS,STOCK,Aavas Financiers Ltd.,AAVAS,NSE,,TRUE
STK_ABBOTINDIA,STOCK,Abbott India Ltd.,ABBOTINDIA,NSE,,TRUE
STK_ACE,STOCK,Action Construction Equipment Ltd.,ACE,NSE,,TRUE
STK_ACUTAAS,STOCK,Acutaas Chemicals Ltd.,ACUTAAS,NSE,,TRUE
STK_ADANIENSOL,STOCK,Adani Energy Solutions Ltd.,ADANIENSOL,NSE,,TRUE
STK_ADANIENT,STOCK,Adani Enterprises Ltd.,ADANIENT,NSE,,TRUE
STK_ADANIGREEN,STOCK,Adani Green Energy Ltd.,ADANIGREEN,NSE,,TRUE
STK_ADANIPORTS,STOCK,Adani Ports and Special Economic Zone Ltd.,ADANIPORTS,NSE,,TRUE
STK_ADANIPOWER,STOCK,Adani Power Ltd.,ADANIPOWER,NSE,,TRUE
STK_ATGL,STOCK,Adani Total Gas Ltd.,ATGL,NSE,,TRUE
STK_ABCAPITAL,STOCK,Aditya Birla Capital Ltd.,ABCAPITAL,NSE,,TRUE
STK_ABFRL,STOCK,Aditya Birla Fashion and Retail Ltd.,ABFRL,NSE,,TRUE
STK_ABLBL,STOCK,Aditya Birla Lifestyle Brands Ltd.,ABLBL,NSE,,TRUE
STK_ABREL,STOCK,Aditya Birla Real Estate Ltd.,ABREL,NSE,,TRUE
STK_ABSLAMC,STOCK,Aditya Birla Sun Life AMC Ltd.,ABSLAMC,NSE,,TRUE
STK_ADVENZYMES,STOCK,Advanced Enzyme Tech Ltd.,ADVENZYMES,NSE,,TRUE
STK_AEGISLOG,STOCK,Aegis Logistics Ltd.,AEGISLOG,NSE,,TRUE
STK_AEGISVOPAK,STOCK,Aegis Vopak Terminals Ltd.,AEGISVOPAK,NSE,,TRUE
STK_AETHER,STOCK,Aether Industries Ltd.,AETHER,NSE,,TRUE
STK_AFCONS,STOCK,Afcons Infrastructure Ltd.,AFCONS,NSE,,TRUE
STK_AFFLE,STOCK,Affle 3i Ltd.,AFFLE,NSE,,TRUE
STK_AHLUCONT,STOCK,Ahluwalia Contracts (India) Ltd.,AHLUCONT,NSE,,TRUE
STK_AJANTPHARM,STOCK,Ajanta Pharmaceuticals Ltd.,AJANTPHARM,NSE,,TRUE
STK_AJAXENGG,STOCK,Ajax Engineering Ltd.,AJAXENGG,NSE,,TRUE
STK_AKUMS,STOCK,Akums Drugs and Pharmaceuticals Ltd.,AKUMS,NSE,,TRUE
STK_AKZOINDIA,STOCK,Akzo Nobel India Ltd.,AKZOINDIA,NSE,,TRUE
STK_APLLTD,STOCK,Alembic Pharmaceuticals Ltd.,APLLTD,NSE,,TRUE
STK_ALIVUS,STOCK,Alivus Life Sciences Ltd.,ALIVUS,NSE,,TRUE
STK_ALKEM,STOCK,Alkem Laboratories Ltd.,ALKEM,NSE,,TRUE
STK_ALKYLAMINE,STOCK,Alkyl Amines Chemicals Ltd.,ALKYLAMINE,NSE,,TRUE
STK_ALLCARGO,STOCK,Allcargo Logistics Ltd.,ALLCARGO,NSE,,TRUE
STK_ABDL,STOCK,Allied Blenders and Distillers Ltd.,ABDL,NSE,,TRUE
STK_ALOKINDS,STOCK,Alok Industries Ltd.,ALOKINDS,NSE,,TRUE
STK_ARE&M,STOCK,Amara Raja Energy & Mobility Ltd.,ARE&M,NSE,,TRUE
STK_AMBER,STOCK,Amber Enterprises India Ltd.,AMBER,NSE,,TRUE
STK_AMBUJACEM,STOCK,Ambuja Cements Ltd.,AMBUJACEM,NSE,,TRUE
STK_ANANDRATHI,STOCK,Anand Rathi Wealth Ltd.,ANANDRATHI,NSE,,TRUE
STK_ANANTRAJ,STOCK,Anant Raj Ltd.,ANANTRAJ,NSE,,TRUE
STK_ANGELONE,STOCK,Angel One Ltd.,ANGELONE,NSE,,TRUE
STK_ANURAS,STOCK,Anupam Rasayan India Ltd.,ANURAS,NSE,,TRUE
STK_APARINDS,STOCK,Apar Industries Ltd.,APARINDS,NSE,,TRUE
STK_PARKHOTELS,STOCK,Apeejay Surrendra Park Hotels Ltd.,PARKHOTELS,NSE,,TRUE
STK_APOLLOHOSP,STOCK,Apollo Hospitals Enterprise Ltd.,APOLLOHOSP,NSE,,TRUE
STK_APOLLOTYRE,STOCK,Apollo Tyres Ltd.,APOLLOTYRE,NSE,,TRUE
STK_APTUS,STOCK,Aptus Value Housing Finance India Ltd.,APTUS,NSE,,TRUE
STK_ACI,STOCK,Archean Chemical Industries Ltd.,ACI,NSE,,TRUE
STK_ARVINDFASN,STOCK,Arvind Fashions Ltd.,ARVINDFASN,NSE,,TRUE
STK_ARVIND,STOCK,Arvind Ltd.,ARVIND,NSE,,TRUE
STK_ASAHIINDIA,STOCK,Asahi India Glass Ltd.,ASAHIINDIA,NSE,,TRUE
STK_ASHOKLEY,STOCK,Ashok Leyland Ltd.,ASHOKLEY,NSE,,TRUE
STK_ASHOKA,STOCK,Ashoka Buildcon Ltd.,ASHOKA,NSE,,TRUE
STK_ASIANPAINT,STOCK,Asian Paints Ltd.,ASIANPAINT,NSE,,TRUE
STK_ASTERDM,STOCK,Aster DM Healthcare Ltd.,ASTERDM,NSE,,TRUE
STK_ASTRAMICRO,STOCK,Astra Microwave Products Ltd.,ASTRAMICRO,NSE,,TRUE
STK_ASTRAZEN,STOCK,AstraZenca Pharma India Ltd.,ASTRAZEN,NSE,,TRUE
STK_ASTRAL,STOCK,Astral Ltd.,ASTRAL,NSE,,TRUE
STK_ATHERENERG,STOCK,Ather Energy Ltd.,ATHERENERG,NSE,,TRUE
STK_ATUL,STOCK,Atul Ltd.,ATUL,NSE,,TRUE
STK_AURIONPRO,STOCK,Aurionpro Solution Ltd.,AURIONPRO,NSE,,TRUE
STK_AUROPHARMA,STOCK,Aurobindo Pharma Ltd.,AUROPHARMA,NSE,,TRUE
STK_AIIL,STOCK,Authum Investment & Infrastructure Ltd.,AIIL,NSE,,TRUE
STK_AVALON,STOCK,Avalon Technologies Ltd.,AVALON,NSE,,TRUE
STK_AVANTIFEED,STOCK,Avanti Feeds Ltd.,AVANTIFEED,NSE,,TRUE
STK_DMART,STOCK,Avenue Supermarts Ltd.,DMART,NSE,,TRUE
STK_AWFIS,STOCK,Awfis Space Solutions Ltd.,AWFIS,NSE,,TRUE
STK_AXISBANK,STOCK,Axis Bank Ltd.,AXISBANK,NSE,,TRUE
STK_AZAD,STOCK,Azad Engineering Ltd.,AZAD,NSE,,TRUE
STK_BASF,STOCK,BASF India Ltd.,BASF,NSE,,TRUE
STK_BEML,STOCK,BEML Ltd.,BEML,NSE,,TRUE
STK_BLS,STOCK,BLS International Services Ltd.,BLS,NSE,,TRUE
STK_BSE,STOCK,BSE Ltd.,BSE,NSE,,TRUE
STK_BAJAJ-AUTO,STOCK,Bajaj Auto Ltd.,BAJAJ-AUTO,NSE,,TRUE
STK_BAJAJELEC,STOCK,Bajaj Electricals Ltd,BAJAJELEC,NSE,,TRUE
STK_BAJFINANCE,STOCK,Bajaj Finance Ltd.,BAJFINANCE,NSE,,TRUE
STK_BAJAJFINSV,STOCK,Bajaj Finserv Ltd.,BAJAJFINSV,NSE,,TRUE
STK_BAJAJHLDNG,STOCK,Bajaj Holdings & Investment Ltd.,BAJAJHLDNG,NSE,,TRUE
STK_BAJAJHFL,STOCK,Bajaj Housing Finance Ltd.,BAJAJHFL,NSE,,TRUE
STK_BALAMINES,STOCK,Balaji Amines Ltd.,BALAMINES,NSE,,TRUE
STK_BALKRISIND,STOCK,Balkrishna Industries Ltd.,BALKRISIND,NSE,,TRUE
STK_BALRAMCHIN,STOCK,Balrampur Chini Mills Ltd.,BALRAMCHIN,NSE,,TRUE
STK_BALUFORGE,STOCK,Balu Forge Industries Ltd.,BALUFORGE,NSE,,TRUE
STK_BANCOINDIA,STOCK,Banco Products (India) Ltd.,BANCOINDIA,NSE,,TRUE
STK_BANDHANBNK,STOCK,Bandhan Bank Ltd.,BANDHANBNK,NSE,,TRUE
STK_BANKBARODA,STOCK,Bank of Baroda,BANKBARODA,NSE,,TRUE
STK_BANKINDIA,STOCK,Bank of India,BANKINDIA,NSE,,TRUE
STK_MAHABANK,STOCK,Bank of Maharashtra,MAHABANK,NSE,,TRUE
STK_BATAINDIA,STOCK,Bata India Ltd.,BATAINDIA,NSE,,TRUE
STK_BAYERCROP,STOCK,Bayer Cropscience Ltd.,BAYERCROP,NSE,,TRUE
STK_BELRISE,STOCK,Belrise Industries Ltd.,BELRISE,NSE,,TRUE
STK_BERGEPAINT,STOCK,Berger Paints India Ltd.,BERGEPAINT,NSE,,TRUE
STK_BBL,STOCK,Bharat Bijlee Ltd.,BBL,NSE,,TRUE
STK_BDL,STOCK,Bharat Dynamics Ltd.,BDL,NSE,,TRUE
STK_BEL,STOCK,Bharat Electronics Ltd.,BEL,NSE,,TRUE
STK_BHARATFORG,STOCK,Bharat Forge Ltd.,BHARATFORG,NSE,,TRUE
STK_BHEL,STOCK,Bharat Heavy Electricals Ltd.,BHEL,NSE,,TRUE
STK_BPCL,STOCK,Bharat Petroleum Corporation Ltd.,BPCL,NSE,,TRUE
STK_BHARTIARTL,STOCK,Bharti Airtel Ltd.,BHARTIARTL,NSE,,TRUE
STK_BHARTIHEXA,STOCK,Bharti Hexacom Ltd.,BHARTIHEXA,NSE,,TRUE
STK_BIKAJI,STOCK,Bikaji Foods International Ltd.,BIKAJI,NSE,,TRUE
STK_BIOCON,STOCK,Biocon Ltd.,BIOCON,NSE,,TRUE
STK_BIRLACORPN,STOCK,Birla Corporation Ltd.,BIRLACORPN,NSE,,TRUE
STK_BSOFT,STOCK,Birlasoft Ltd.,BSOFT,NSE,,TRUE
STK_BLACKBUCK,STOCK,Blackbuck Ltd.,BLACKBUCK,NSE,,TRUE
STK_BLUEDART,STOCK,Blue Dart Express Ltd.,BLUEDART,NSE,,TRUE
STK_BLUEJET,STOCK,Blue Jet Healthcare Ltd.,BLUEJET,NSE,,TRUE
STK_BLUESTARCO,STOCK,Blue Star Ltd.,BLUESTARCO,NSE,,TRUE
STK_BBTC,STOCK,Bombay Burmah Trading Corporation Ltd.,BBTC,NSE,,TRUE
STK_BORORENEW,STOCK,Borosil Renewables Ltd.,BORORENEW,NSE,,TRUE
STK_BOSCHLTD,STOCK,Bosch Ltd.,BOSCHLTD,NSE,,TRUE
STK_FIRSTCRY,STOCK,Brainbees Solutions Ltd.,FIRSTCRY,NSE,,TRUE
STK_BRIGADE,STOCK,Brigade Enterprises Ltd.,BRIGADE,NSE,,TRUE
STK_BRITANNIA,STOCK,Britannia Industries Ltd.,BRITANNIA,NSE,,TRUE
STK_MAPMYINDIA,STOCK,C.E. Info Systems Ltd.,MAPMYINDIA,NSE,,TRUE
STK_CCL,STOCK,CCL Products (I) Ltd.,CCL,NSE,,TRUE
STK_CESC,STOCK,CESC Ltd.,CESC,NSE,,TRUE
STK_CGPOWER,STOCK,CG Power and Industrial Solutions Ltd.,CGPOWER,NSE,,TRUE
STK_CIEINDIA,STOCK,CIE Automotive India Ltd.,CIEINDIA,NSE,,TRUE
STK_CMSINFO,STOCK,CMS Info Systems Ltd.,CMSINFO,NSE,,TRUE
STK_CRISIL,STOCK,CRISIL Ltd.,CRISIL,NSE,,TRUE
STK_CSBBANK,STOCK,CSB Bank Ltd.,CSBBANK,NSE,,TRUE
STK_CAMPUS,STOCK,Campus Activewear Ltd.,CAMPUS,NSE,,TRUE
STK_CANFINHOME,STOCK,Can Fin Homes Ltd.,CANFINHOME,NSE,,TRUE
STK_CANBK,STOCK,Canara Bank,CANBK,NSE,,TRUE
STK_CAPLIPOINT,STOCK,Caplin Point Laboratories Ltd.,CAPLIPOINT,NSE,,TRUE
STK_CGCL,STOCK,Capri Global Capital Ltd.,CGCL,NSE,,TRUE
STK_CARBORUNIV,STOCK,Carborundum Universal Ltd.,CARBORUNIV,NSE,,TRUE
STK_CARTRADE,STOCK,Cartrade Tech Ltd.,CARTRADE,NSE,,TRUE
STK_CASTROLIND,STOCK,Castrol India Ltd.,CASTROLIND,NSE,,TRUE
STK_CEATLTD,STOCK,Ceat Ltd.,CEATLTD,NSE,,TRUE
STK_CEIGALL,STOCK,Ceigall India Ltd.,CEIGALL,NSE,,TRUE
STK_CELLO,STOCK,Cello World Ltd.,CELLO,NSE,,TRUE
STK_CEMPRO,STOCK,Cemindia Projects Ltd.,CEMPRO,NSE,,TRUE
STK_CENTRALBK,STOCK,Central Bank of India,CENTRALBK,NSE,,TRUE
STK_CDSL,STOCK,Central Depository Services (India) Ltd.,CDSL,NSE,,TRUE
STK_CENTURYPLY,STOCK,Century Plyboards (India) Ltd.,CENTURYPLY,NSE,,TRUE
STK_CERA,STOCK,Cera Sanitaryware Ltd,CERA,NSE,,TRUE
STK_CHALET,STOCK,Chalet Hotels Ltd.,CHALET,NSE,,TRUE
STK_CHAMBLFERT,STOCK,Chambal Fertilizers & Chemicals Ltd.,CHAMBLFERT,NSE,,TRUE
STK_CHENNPETRO,STOCK,Chennai Petroleum Corporation Ltd.,CHENNPETRO,NSE,,TRUE
STK_CHOICEIN,STOCK,Choice International Ltd.,CHOICEIN,NSE,,TRUE
STK_CHOLAHLDNG,STOCK,Cholamandalam Financial Holdings Ltd.,CHOLAHLDNG,NSE,,TRUE
STK_CHOLAFIN,STOCK,Cholamandalam Investment and Finance Company Ltd.,CHOLAFIN,NSE,,TRUE
STK_CIGNITITEC,STOCK,Cigniti Technologies Ltd.,CIGNITITEC,NSE,,TRUE
STK_CIPLA,STOCK,Cipla Ltd.,CIPLA,NSE,,TRUE
STK_CUB,STOCK,City Union Bank Ltd.,CUB,NSE,,TRUE
STK_CLEAN,STOCK,Clean Science and Technology Ltd.,CLEAN,NSE,,TRUE
STK_COALINDIA,STOCK,Coal India Ltd.,COALINDIA,NSE,,TRUE
STK_COCHINSHIP,STOCK,Cochin Shipyard Ltd.,COCHINSHIP,NSE,,TRUE
STK_COFORGE,STOCK,Coforge Ltd.,COFORGE,NSE,,TRUE
STK_COHANCE,STOCK,Cohance Lifesciences Ltd.,COHANCE,NSE,,TRUE
STK_COLPAL,STOCK,Colgate Palmolive (India) Ltd.,COLPAL,NSE,,TRUE
STK_CAMS,STOCK,Computer Age Management Services Ltd.,CAMS,NSE,,TRUE
STK_CONCORDBIO,STOCK,Concord Biotech Ltd.,CONCORDBIO,NSE,,TRUE
STK_CONCOR,STOCK,Container Corporation of India Ltd.,CONCOR,NSE,,TRUE
STK_COROMANDEL,STOCK,Coromandel International Ltd.,COROMANDEL,NSE,,TRUE
STK_CRAFTSMAN,STOCK,Craftsman Automation Ltd.,CRAFTSMAN,NSE,,TRUE
STK_CREDITACC,STOCK,CreditAccess Grameen Ltd.,CREDITACC,NSE,,TRUE
STK_CROMPTON,STOCK,Crompton Greaves Consumer Electricals Ltd.,CROMPTON,NSE,,TRUE
STK_CUMMINSIND,STOCK,Cummins India Ltd.,CUMMINSIND,NSE,,TRUE
STK_CYIENTDLM,STOCK,Cyient DLM Ltd.,CYIENTDLM,NSE,,TRUE
STK_CYIENT,STOCK,Cyient Ltd.,CYIENT,NSE,,TRUE
STK_DCBBANK,STOCK,DCB Bank Ltd.,DCBBANK,NSE,,TRUE
STK_DCMSHRIRAM,STOCK,DCM Shriram Ltd.,DCMSHRIRAM,NSE,,TRUE
STK_DLF,STOCK,DLF Ltd.,DLF,NSE,,TRUE
STK_DOMS,STOCK,DOMS Industries Ltd.,DOMS,NSE,,TRUE
STK_DABUR,STOCK,Dabur India Ltd.,DABUR,NSE,,TRUE
STK_DALBHARAT,STOCK,Dalmia Bharat Ltd.,DALBHARAT,NSE,,TRUE
STK_DATAPATTNS,STOCK,Data Patterns (India) Ltd.,DATAPATTNS,NSE,,TRUE
STK_DATAMATICS,STOCK,Datamatics Global Services Ltd.,DATAMATICS,NSE,,TRUE
STK_DEEPAKFERT,STOCK,Deepak Fertilisers & Petrochemicals Corp. Ltd.,DEEPAKFERT,NSE,,TRUE
STK_DEEPAKNTR,STOCK,Deepak Nitrite Ltd.,DEEPAKNTR,NSE,,TRUE
STK_DELHIVERY,STOCK,Delhivery Ltd.,DELHIVERY,NSE,,TRUE
STK_DEVYANI,STOCK,Devyani International Ltd.,DEVYANI,NSE,,TRUE
STK_DHANUKA,STOCK,Dhanuka Agritech Ltd.,DHANUKA,NSE,,TRUE
STK_DIACABS,STOCK,Diamond Power Infrastructure Ltd.,DIACABS,NSE,,TRUE
STK_DBL,STOCK,Dilip Buildcon Ltd.,DBL,NSE,,TRUE
STK_DCAL,STOCK,Dishman Carbogen Amcis Ltd.,DCAL,NSE,,TRUE
STK_DIVISLAB,STOCK,Divi's Laboratories Ltd.,DIVISLAB,NSE,,TRUE
STK_DIXON,STOCK,Dixon Technologies (India) Ltd.,DIXON,NSE,,TRUE
STK_DODLA,STOCK,Dodla Dairy Ltd.,DODLA,NSE,,TRUE
STK_AGARWALEYE,STOCK,Dr. Agarwal's Health Care Ltd.,AGARWALEYE,NSE,,TRUE
STK_LALPATHLAB,STOCK,Dr. Lal Path Labs Ltd.,LALPATHLAB,NSE,,TRUE
STK_DRREDDY,STOCK,Dr. Reddy's Laboratories Ltd.,DRREDDY,NSE,,TRUE
STK_DUMMYALCAR,STOCK,Dummy Allcargo Logistics Ltd.,DUMMYALCAR,NSE,,TRUE
STK_DUMMYHDLVR,STOCK,Dummy Hindustan Unilever Ltd.,DUMMYHDLVR,NSE,,TRUE
STK_DYNAMATECH,STOCK,Dynamatic Technologies Ltd.,DYNAMATECH,NSE,,TRUE
STK_EIDPARRY,STOCK,E.I.D. Parry (India) Ltd.,EIDPARRY,NSE,,TRUE
STK_EIHOTEL,STOCK,EIH Ltd.,EIHOTEL,NSE,,TRUE
STK_EPL,STOCK,EPL Ltd.,EPL,NSE,,TRUE
STK_EASEMYTRIP,STOCK,Easy Trip Planners Ltd.,EASEMYTRIP,NSE,,TRUE
STK_EDELWEISS,STOCK,Edelweiss Financial Services Ltd.,EDELWEISS,NSE,,TRUE
STK_EICHERMOT,STOCK,Eicher Motors Ltd.,EICHERMOT,NSE,,TRUE
STK_ELECON,STOCK,Elecon Engineering Co. Ltd.,ELECON,NSE,,TRUE
STK_EMIL,STOCK,Electronics Mart India Ltd.,EMIL,NSE,,TRUE
STK_ELECTCAST,STOCK,Electrosteel Castings Ltd.,ELECTCAST,NSE,,TRUE
STK_ELGIEQUIP,STOCK,Elgi Equipments Ltd.,ELGIEQUIP,NSE,,TRUE
STK_EMAMILTD,STOCK,Emami Ltd.,EMAMILTD,NSE,,TRUE
STK_EMBDL,STOCK,Embassy Developments Ltd.,EMBDL,NSE,,TRUE
STK_EMCURE,STOCK,Emcure Pharmaceuticals Ltd.,EMCURE,NSE,,TRUE
STK_ENDURANCE,STOCK,Endurance Technologies Ltd.,ENDURANCE,NSE,,TRUE
STK_ENGINERSIN,STOCK,Engineers India Ltd.,ENGINERSIN,NSE,,TRUE
STK_ENTERO,STOCK,Entero Healthcare Solutions Ltd.,ENTERO,NSE,,TRUE
STK_EIEL,STOCK,Enviro Infra Engineers Ltd.,EIEL,NSE,,TRUE
STK_EPIGRAL,STOCK,Epigral Ltd.,EPIGRAL,NSE,,TRUE
STK_EQUITASBNK,STOCK,Equitas Small Finance Bank Ltd.,EQUITASBNK,NSE,,TRUE
STK_ERIS,STOCK,Eris Lifesciences Ltd.,ERIS,NSE,,TRUE
STK_ESCORTS,STOCK,Escorts Kubota Ltd.,ESCORTS,NSE,,TRUE
STK_ETERNAL,STOCK,Eternal Ltd.,ETERNAL,NSE,,TRUE
STK_ETHOSLTD,STOCK,Ethos Ltd.,ETHOSLTD,NSE,,TRUE
STK_EUREKAFORB,STOCK,Eureka Forbes Ltd.,EUREKAFORB,NSE,,TRUE
STK_EXIDEIND,STOCK,Exide Industries Ltd.,EXIDEIND,NSE,,TRUE
STK_FDC,STOCK,FDC Ltd.,FDC,NSE,,TRUE
STK_NYKAA,STOCK,FSN E-Commerce Ventures Ltd.,NYKAA,NSE,,TRUE
STK_FEDERALBNK,STOCK,Federal Bank Ltd.,FEDERALBNK,NSE,,TRUE
STK_FACT,STOCK,Fertilisers and Chemicals Travancore Ltd.,FACT,NSE,,TRUE
STK_FIEMIND,STOCK,Fiem Industries Ltd,FIEMIND,NSE,,TRUE
STK_FINEORG,STOCK,Fine Organic Industries Ltd.,FINEORG,NSE,,TRUE
STK_FINCABLES,STOCK,Finolex Cables Ltd.,FINCABLES,NSE,,TRUE
STK_FINPIPE,STOCK,Finolex Industries Ltd.,FINPIPE,NSE,,TRUE
STK_FSL,STOCK,Firstsource Solutions Ltd.,FSL,NSE,,TRUE
STK_FIVESTAR,STOCK,Five-Star Business Finance Ltd.,FIVESTAR,NSE,,TRUE
STK_FORCEMOT,STOCK,Force Motors Ltd.,FORCEMOT,NSE,,TRUE
STK_FORTIS,STOCK,Fortis Healthcare Ltd.,FORTIS,NSE,,TRUE
STK_GRINFRA,STOCK,G R Infraprojects Ltd.,GRINFRA,NSE,,TRUE
STK_GAIL,STOCK,GAIL (India) Ltd.,GAIL,NSE,,TRUE
STK_GVT&D,STOCK,GE Vernova T&D India Ltd.,GVT&D,NSE,,TRUE
STK_GHCL,STOCK,GHCL Ltd.,GHCL,NSE,,TRUE
STK_GMMPFAUDLR,STOCK,GMM Pfaudler Ltd.,GMMPFAUDLR,NSE,,TRUE
STK_GMRAIRPORT,STOCK,GMR Airports Ltd.,GMRAIRPORT,NSE,,TRUE
STK_GMRP&UI,STOCK,GMR Power and Urban Infra Ltd.,GMRP&UI,NSE,,TRUE
STK_GABRIEL,STOCK,Gabriel India Ltd.,GABRIEL,NSE,,TRUE
STK_GALLANTT,STOCK,Gallantt Ispat Ltd.,GALLANTT,NSE,,TRUE
STK_GANESHHOU,STOCK,Ganesh Housing Ltd.,GANESHHOU,NSE,,TRUE
STK_GANECOS,STOCK,Ganesha Ecosphere Ltd.,GANECOS,NSE,,TRUE
STK_GRSE,STOCK,Garden Reach Shipbuilders & Engineers Ltd.,GRSE,NSE,,TRUE
STK_GRWRHITECH,STOCK,Garware Hi-Tech Films Ltd.,GRWRHITECH,NSE,,TRUE
STK_GARFIBRES,STOCK,Garware Technical Fibres Ltd.,GARFIBRES,NSE,,TRUE
STK_GATEWAY,STOCK,Gateway Distriparks Ltd.,GATEWAY,NSE,,TRUE
STK_GICRE,STOCK,General Insurance Corporation of India,GICRE,NSE,,TRUE
STK_GILLETTE,STOCK,Gillette India Ltd.,GILLETTE,NSE,,TRUE
STK_GLAND,STOCK,Gland Pharma Ltd.,GLAND,NSE,,TRUE
STK_GLAXO,STOCK,Glaxosmithkline Pharmaceuticals Ltd.,GLAXO,NSE,,TRUE
STK_GLENMARK,STOCK,Glenmark Pharmaceuticals Ltd.,GLENMARK,NSE,,TRUE
STK_MEDANTA,STOCK,Global Health Ltd.,MEDANTA,NSE,,TRUE
STK_GODIGIT,STOCK,Go Digit General Insurance Ltd.,GODIGIT,NSE,,TRUE
STK_GPIL,STOCK,Godawari Power & Ispat Ltd.,GPIL,NSE,,TRUE
STK_GODFRYPHLP,STOCK,Godfrey Phillips India Ltd.,GODFRYPHLP,NSE,,TRUE
STK_GODREJAGRO,STOCK,Godrej Agrovet Ltd.,GODREJAGRO,NSE,,TRUE
STK_GODREJCP,STOCK,Godrej Consumer Products Ltd.,GODREJCP,NSE,,TRUE
STK_GODREJIND,STOCK,Godrej Industries Ltd.,GODREJIND,NSE,,TRUE
STK_GODREJPROP,STOCK,Godrej Properties Ltd.,GODREJPROP,NSE,,TRUE
STK_GOKEX,STOCK,Gokaldas Exports Ltd.,GOKEX,NSE,,TRUE
STK_GRANULES,STOCK,Granules India Ltd.,GRANULES,NSE,,TRUE
STK_GRAPHITE,STOCK,Graphite India Ltd.,GRAPHITE,NSE,,TRUE
STK_GRASIM,STOCK,Grasim Industries Ltd.,GRASIM,NSE,,TRUE
STK_GRAVITA,STOCK,Gravita India Ltd.,GRAVITA,NSE,,TRUE
STK_GESHIP,STOCK,Great Eastern Shipping Co. Ltd.,GESHIP,NSE,,TRUE
STK_GREAVESCOT,STOCK,Greaves Cotton Ltd.,GREAVESCOT,NSE,,TRUE
STK_GREENPANEL,STOCK,Greenpanel Industries Ltd.,GREENPANEL,NSE,,TRUE
STK_GAEL,STOCK,Gujarat Ambuja Exports Ltd.,GAEL,NSE,,TRUE
STK_FLUOROCHEM,STOCK,Gujarat Fluorochemicals Ltd.,FLUOROCHEM,NSE,,TRUE
STK_GUJGASLTD,STOCK,Gujarat Gas Ltd.,GUJGASLTD,NSE,,TRUE
STK_GMDCLTD,STOCK,Gujarat Mineral Development Corporation Ltd.,GMDCLTD,NSE,,TRUE
STK_GNFC,STOCK,Gujarat Narmada Valley Fertilizers and Chemicals Ltd.,GNFC,NSE,,TRUE
STK_GPPL,STOCK,Gujarat Pipavav Port Ltd.,GPPL,NSE,,TRUE
STK_GSFC,STOCK,Gujarat State Fertilizers & Chemicals Ltd.,GSFC,NSE,,TRUE
STK_GSPL,STOCK,Gujarat State Petronet Ltd.,GSPL,NSE,,TRUE
STK_GULFOILLUB,STOCK,Gulf Oil Lubricants India Ltd.,GULFOILLUB,NSE,,TRUE
STK_HEG,STOCK,H.E.G. Ltd.,HEG,NSE,,TRUE
STK_HGINFRA,STOCK,H.G. Infra Engineering Ltd.,HGINFRA,NSE,,TRUE
STK_HBLENGINE,STOCK,HBL Engineering Ltd.,HBLENGINE,NSE,,TRUE
STK_HCLTECH,STOCK,HCL Technologies Ltd.,HCLTECH,NSE,,TRUE
STK_HDFCAMC,STOCK,HDFC Asset Management Company Ltd.,HDFCAMC,NSE,,TRUE
STK_HDFCBANK,STOCK,HDFC Bank Ltd.,HDFCBANK,NSE,,TRUE
STK_HDFCLIFE,STOCK,HDFC Life Insurance Company Ltd.,HDFCLIFE,NSE,,TRUE
STK_HFCL,STOCK,HFCL Ltd.,HFCL,NSE,,TRUE
STK_HAPPSTMNDS,STOCK,Happiest Minds Technologies Ltd.,HAPPSTMNDS,NSE,,TRUE
STK_HAVELLS,STOCK,Havells India Ltd.,HAVELLS,NSE,,TRUE
STK_HCG,STOCK,Healthcare Global Enterprises Ltd.,HCG,NSE,,TRUE
STK_HEMIPROP,STOCK,Hemisphere Properties India Ltd.,HEMIPROP,NSE,,TRUE
STK_HERITGFOOD,STOCK,Heritage Foods Ltd.,HERITGFOOD,NSE,,TRUE
STK_HEROMOTOCO,STOCK,Hero MotoCorp Ltd.,HEROMOTOCO,NSE,,TRUE
STK_HEXT,STOCK,Hexaware Technologies Ltd.,HEXT,NSE,,TRUE
STK_HIKAL,STOCK,Hikal Ltd.,HIKAL,NSE,,TRUE
STK_HSCL,STOCK,Himadri Speciality Chemical Ltd.,HSCL,NSE,,TRUE
STK_HINDALCO,STOCK,Hindalco Industries Ltd.,HINDALCO,NSE,,TRUE
STK_HAL,STOCK,Hindustan Aeronautics Ltd.,HAL,NSE,,TRUE
STK_HCC,STOCK,Hindustan Construction Co. Ltd.,HCC,NSE,,TRUE
STK_HINDCOPPER,STOCK,Hindustan Copper Ltd.,HINDCOPPER,NSE,,TRUE
STK_HINDPETRO,STOCK,Hindustan Petroleum Corporation Ltd.,HINDPETRO,NSE,,TRUE
STK_HINDUNILVR,STOCK,Hindustan Unilever Ltd.,HINDUNILVR,NSE,,TRUE
STK_HINDZINC,STOCK,Hindustan Zinc Ltd.,HINDZINC,NSE,,TRUE
STK_POWERINDIA,STOCK,Hitachi Energy India Ltd.,POWERINDIA,NSE,,TRUE
STK_HOMEFIRST,STOCK,Home First Finance Company India Ltd.,HOMEFIRST,NSE,,TRUE
STK_HONASA,STOCK,Honasa Consumer Ltd.,HONASA,NSE,,TRUE
STK_HONAUT,STOCK,Honeywell Automation India Ltd.,HONAUT,NSE,,TRUE
STK_HUDCO,STOCK,Housing & Urban Development Corporation Ltd.,HUDCO,NSE,,TRUE
STK_HYUNDAI,STOCK,Hyundai Motor India Ltd.,HYUNDAI,NSE,,TRUE
STK_ICICIBANK,STOCK,ICICI Bank Ltd.,ICICIBANK,NSE,,TRUE
STK_ICICIGI,STOCK,ICICI Lombard General Insurance Company Ltd.,ICICIGI,NSE,,TRUE
STK_ICICIPRULI,STOCK,ICICI Prudential Life Insurance Company Ltd.,ICICIPRULI,NSE,,TRUE
STK_IDBI,STOCK,IDBI Bank Ltd.,IDBI,NSE,,TRUE
STK_IDFCFIRSTB,STOCK,IDFC First Bank Ltd.,IDFCFIRSTB,NSE,,TRUE
STK_IFBIND,STOCK,IFB Industries Ltd.,IFBIND,NSE,,TRUE
STK_IFCI,STOCK,IFCI Ltd.,IFCI,NSE,,TRUE
STK_IIFLCAPS,STOCK,IIFL Capital Services Ltd.,IIFLCAPS,NSE,,TRUE
STK_IIFL,STOCK,IIFL Finance Ltd.,IIFL,NSE,,TRUE
STK_INOXINDIA,STOCK,INOX India Ltd.,INOXINDIA,NSE,,TRUE
STK_IRB,STOCK,IRB Infrastructure Developers Ltd.,IRB,NSE,,TRUE
STK_IRCON,STOCK,IRCON International Ltd.,IRCON,NSE,,TRUE
STK_ITCHOTELS,STOCK,ITC Hotels Ltd.,ITCHOTELS,NSE,,TRUE
STK_ITC,STOCK,ITC Ltd.,ITC,NSE,,TRUE
STK_ITI,STOCK,ITI Ltd.,ITI,NSE,,TRUE
STK_IMAGICAA,STOCK,Imagicaaworld Entertainment Ltd.,IMAGICAA,NSE,,TRUE
STK_INDGN,STOCK,Indegene Ltd.,INDGN,NSE,,TRUE
STK_INDIACEM,STOCK,India Cements Ltd.,INDIACEM,NSE,,TRUE
STK_INDIAGLYCO,STOCK,India Glycols Ltd.,INDIAGLYCO,NSE,,TRUE
STK_INDIASHLTR,STOCK,India Shelter Finance Corporation Ltd.,INDIASHLTR,NSE,,TRUE
STK_INDIAMART,STOCK,Indiamart Intermesh Ltd.,INDIAMART,NSE,,TRUE
STK_INDIANB,STOCK,Indian Bank,INDIANB,NSE,,TRUE
STK_IEX,STOCK,Indian Energy Exchange Ltd.,IEX,NSE,,TRUE
STK_INDHOTEL,STOCK,Indian Hotels Co. Ltd.,INDHOTEL,NSE,,TRUE
STK_IMFA,STOCK,Indian Metals & Ferro Alloys Ltd.,IMFA,NSE,,TRUE
STK_IOC,STOCK,Indian Oil Corporation Ltd.,IOC,NSE,,TRUE
STK_IOB,STOCK,Indian Overseas Bank,IOB,NSE,,TRUE
STK_IRCTC,STOCK,Indian Railway Catering And Tourism Corporation Ltd.,IRCTC,NSE,,TRUE
STK_IRFC,STOCK,Indian Railway Finance Corporation Ltd.,IRFC,NSE,,TRUE
STK_IREDA,STOCK,Indian Renewable Energy Development Agency Ltd.,IREDA,NSE,,TRUE
STK_INDIGOPNTS,STOCK,Indigo Paints Ltd.,INDIGOPNTS,NSE,,TRUE
STK_ICIL,STOCK,Indo Count Industries Ltd.,ICIL,NSE,,TRUE
STK_IGL,STOCK,Indraprastha Gas Ltd.,IGL,NSE,,TRUE
STK_INDUSTOWER,STOCK,Indus Towers Ltd.,INDUSTOWER,NSE,,TRUE
STK_INDUSINDBK,STOCK,IndusInd Bank Ltd.,INDUSINDBK,NSE,,TRUE
STK_INFIBEAM,STOCK,Infibeam Avenues Ltd.,INFIBEAM,NSE,,TRUE
STK_NAUKRI,STOCK,Info Edge (India) Ltd.,NAUKRI,NSE,,TRUE
STK_INFY,STOCK,Infosys Ltd.,INFY,NSE,,TRUE
STK_INGERRAND,STOCK,Ingersoll Rand (India) Ltd.,INGERRAND,NSE,,TRUE
STK_INNOVACAP,STOCK,Innova Captab Ltd.,INNOVACAP,NSE,,TRUE
STK_INOXGREEN,STOCK,Inox Green Energy Services Ltd.,INOXGREEN,NSE,,TRUE
STK_INOXWIND,STOCK,Inox Wind Ltd.,INOXWIND,NSE,,TRUE
STK_INTELLECT,STOCK,Intellect Design Arena Ltd.,INTELLECT,NSE,,TRUE
STK_INDIGO,STOCK,InterGlobe Aviation Ltd.,INDIGO,NSE,,TRUE
STK_IGIL,STOCK,International Gemmological Institute (India) Ltd.,IGIL,NSE,,TRUE
STK_IKS,STOCK,Inventurus Knowledge Solutions Ltd.,IKS,NSE,,TRUE
STK_IONEXCHANG,STOCK,Ion Exchange (India) Ltd.,IONEXCHANG,NSE,,TRUE
STK_IPCALAB,STOCK,Ipca Laboratories Ltd.,IPCALAB,NSE,,TRUE
STK_ISGEC,STOCK,Isgec Heavy Engineering Ltd.,ISGEC,NSE,,TRUE
STK_JBCHEPHARM,STOCK,J.B. Chemicals & Pharmaceuticals Ltd.,JBCHEPHARM,NSE,,TRUE
STK_JKCEMENT,STOCK,J.K. Cement Ltd.,JKCEMENT,NSE,,TRUE
STK_JKIL,STOCK,J.Kumar Infraprojects Ltd.,JKIL,NSE,,TRUE
STK_JBMA,STOCK,JBM Auto Ltd.,JBMA,NSE,,TRUE
STK_JKLAKSHMI,STOCK,JK Lakshmi Cement Ltd.,JKLAKSHMI,NSE,,TRUE
STK_JKPAPER,STOCK,JK Paper Ltd.,JKPAPER,NSE,,TRUE
STK_JKTYRE,STOCK,JK Tyre & Industries Ltd.,JKTYRE,NSE,,TRUE
STK_JMFINANCIL,STOCK,JM Financial Ltd.,JMFINANCIL,NSE,,TRUE
STK_JSWENERGY,STOCK,JSW Energy Ltd.,JSWENERGY,NSE,,TRUE
STK_JSWINFRA,STOCK,JSW Infrastructure Ltd.,JSWINFRA,NSE,,TRUE
STK_JSWSTEEL,STOCK,JSW Steel Ltd.,JSWSTEEL,NSE,,TRUE
STK_JAIBALAJI,STOCK,Jai Balaji Industries Ltd.,JAIBALAJI,NSE,,TRUE
STK_JISLJALEQS,STOCK,Jain Irrigation Systems Ltd.,JISLJALEQS,NSE,,TRUE
STK_JPPOWER,STOCK,Jaiprakash Power Ventures Ltd.,JPPOWER,NSE,,TRUE
STK_J&KBANK,STOCK,Jammu & Kashmir Bank Ltd.,J&KBANK,NSE,,TRUE
STK_JAMNAAUTO,STOCK,Jamna Auto Industries Ltd.,JAMNAAUTO,NSE,,TRUE
STK_JSFB,STOCK,Jana Small Finance Bank Ltd.,JSFB,NSE,,TRUE
STK_JINDALSAW,STOCK,Jindal Saw Ltd.,JINDALSAW,NSE,,TRUE
STK_JSL,STOCK,Jindal Stainless Ltd.,JSL,NSE,,TRUE
STK_JINDALSTEL,STOCK,Jindal Steel Ltd.,JINDALSTEL,NSE,,TRUE
STK_JINDWORLD,STOCK,Jindal Worldwide Ltd.,JINDWORLD,NSE,,TRUE
STK_JIOFIN,STOCK,Jio Financial Services Ltd.,JIOFIN,NSE,,TRUE
STK_JCHAC,STOCK,Johnson Controls - Hitachi Air Conditioning India Ltd.,JCHAC,NSE,,TRUE
STK_JUBLFOOD,STOCK,Jubilant Foodworks Ltd.,JUBLFOOD,NSE,,TRUE
STK_JUBLINGREA,STOCK,Jubilant Ingrevia Ltd.,JUBLINGREA,NSE,,TRUE
STK_JUBLPHARMA,STOCK,Jubilant Pharmova Ltd.,JUBLPHARMA,NSE,,TRUE
STK_JWL,STOCK,Jupiter Wagons Ltd.,JWL,NSE,,TRUE
STK_JUSTDIAL,STOCK,Justdial Ltd.,JUSTDIAL,NSE,,TRUE
STK_JYOTHYLAB,STOCK,Jyothy Labs Ltd.,JYOTHYLAB,NSE,,TRUE
STK_JYOTICNC,STOCK,Jyoti CNC Automation Ltd.,JYOTICNC,NSE,,TRUE
STK_KPRMILL,STOCK,K.P.R. Mill Ltd.,KPRMILL,NSE,,TRUE
STK_KEI,STOCK,KEI Industries Ltd.,KEI,NSE,,TRUE
STK_KNRCON,STOCK,KNR Constructions Ltd.,KNRCON,NSE,,TRUE
STK_KPIGREEN,STOCK,KPI Green Energy Ltd.,KPIGREEN,NSE,,TRUE
STK_KPITTECH,STOCK,KPIT Technologies Ltd.,KPITTECH,NSE,,TRUE
STK_KRBL,STOCK,KRBL Ltd.,KRBL,NSE,,TRUE
STK_KRN,STOCK,KRN Heat Exchanger and Refrigeration Ltd.,KRN,NSE,,TRUE
STK_KSB,STOCK,KSB Ltd.,KSB,NSE,,TRUE
STK_KAJARIACER,STOCK,Kajaria Ceramics Ltd.,KAJARIACER,NSE,,TRUE
STK_KPIL,STOCK,Kalpataru Projects International Ltd.,KPIL,NSE,,TRUE
STK_KALYANKJIL,STOCK,Kalyan Jewellers India Ltd.,KALYANKJIL,NSE,,TRUE
STK_KSL,STOCK,Kalyani Steels Ltd.,KSL,NSE,,TRUE
STK_KTKBANK,STOCK,Karnataka Bank Ltd.,KTKBANK,NSE,,TRUE
STK_KARURVYSYA,STOCK,Karur Vysya Bank Ltd.,KARURVYSYA,NSE,,TRUE
STK_KSCL,STOCK,Kaveri Seed Company Ltd.,KSCL,NSE,,TRUE
STK_KAYNES,STOCK,Kaynes Technology India Ltd.,KAYNES,NSE,,TRUE
STK_KEC,STOCK,Kec International Ltd.,KEC,NSE,,TRUE
STK_KFINTECH,STOCK,Kfin Technologies Ltd.,KFINTECH,NSE,,TRUE
STK_KIRLOSBROS,STOCK,Kirloskar Brothers Ltd.,KIRLOSBROS,NSE,,TRUE
STK_KIRLOSENG,STOCK,Kirloskar Oil Eng Ltd.,KIRLOSENG,NSE,,TRUE
STK_KIRLPNU,STOCK,Kirloskar Pneumatic Company Ltd.,KIRLPNU,NSE,,TRUE
STK_KITEX,STOCK,Kitex Garments Ltd.,KITEX,NSE,,TRUE
STK_KOTAKBANK,STOCK,Kotak Mahindra Bank Ltd.,KOTAKBANK,NSE,,TRUE
STK_KIMS,STOCK,Krishna Institute of Medical Sciences Ltd.,KIMS,NSE,,TRUE
STK_LTF,STOCK,L&T Finance Ltd.,LTF,NSE,,TRUE
STK_LTTS,STOCK,L&T Technology Services Ltd.,LTTS,NSE,,TRUE
STK_LICHSGFIN,STOCK,LIC Housing Finance Ltd.,LICHSGFIN,NSE,,TRUE
STK_LMW,STOCK,LMW Ltd.,LMW,NSE,,TRUE
STK_LTFOODS,STOCK,LT Foods Ltd.,LTFOODS,NSE,,TRUE
STK_LTIM,STOCK,LTIMindtree Ltd.,LTIM,NSE,,TRUE
STK_LT,STOCK,Larsen & Toubro Ltd.,LT,NSE,,TRUE
STK_LATENTVIEW,STOCK,Latent View Analytics Ltd.,LATENTVIEW,NSE,,TRUE
STK_LAURUSLABS,STOCK,Laurus Labs Ltd.,LAURUSLABS,NSE,,TRUE
STK_LXCHEM,STOCK,Laxmi Organic Industries Ltd.,LXCHEM,NSE,,TRUE
STK_IXIGO,STOCK,Le Travenues Technology Ltd.,IXIGO,NSE,,TRUE
STK_THELEELA,STOCK,Leela Palaces Hotels & Resorts Ltd.,THELEELA,NSE,,TRUE
STK_LEMONTREE,STOCK,Lemon Tree Hotels Ltd.,LEMONTREE,NSE,,TRUE
STK_LICI,STOCK,Life Insurance Corporation of India,LICI,NSE,,TRUE
STK_LINDEINDIA,STOCK,Linde India Ltd.,LINDEINDIA,NSE,,TRUE
STK_LLOYDSENGG,STOCK,Lloyds Engineering Works Ltd.,LLOYDSENGG,NSE,,TRUE
STK_LLOYDSENT,STOCK,Lloyds Enterprises Ltd.,LLOYDSENT,NSE,,TRUE
STK_LLOYDSME,STOCK,Lloyds Metals And Energy Ltd.,LLOYDSME,NSE,,TRUE
STK_LODHA,STOCK,Lodha Developers Ltd.,LODHA,NSE,,TRUE
STK_LUMAXTECH,STOCK,Lumax Auto Technologies Ltd.,LUMAXTECH,NSE,,TRUE
STK_LUPIN,STOCK,Lupin Ltd.,LUPIN,NSE,,TRUE
STK_LUXIND,STOCK,Lux Industries Ltd.,LUXIND,NSE,,TRUE
STK_MMTC,STOCK,MMTC Ltd.,MMTC,NSE,,TRUE
STK_MOIL,STOCK,MOIL Ltd.,MOIL,NSE,,TRUE
STK_MRF,STOCK,MRF Ltd.,MRF,NSE,,TRUE
STK_MSTCLTD,STOCK,MSTC Ltd.,MSTCLTD,NSE,,TRUE
STK_MTARTECH,STOCK,MTAR Technologies Ltd.,MTARTECH,NSE,,TRUE
STK_MGL,STOCK,Mahanagar Gas Ltd.,MGL,NSE,,TRUE
STK_MAHSCOOTER,STOCK,Maharashtra Scooters Ltd.,MAHSCOOTER,NSE,,TRUE
STK_MAHSEAMLES,STOCK,Maharashtra Seamless Ltd.,MAHSEAMLES,NSE,,TRUE
STK_M&MFIN,STOCK,Mahindra & Mahindra Financial Services Ltd.,M&MFIN,NSE,,TRUE
STK_M&M,STOCK,Mahindra & Mahindra Ltd.,M&M,NSE,,TRUE
STK_MAHLIFE,STOCK,Mahindra Lifespace Developers Ltd.,MAHLIFE,NSE,,TRUE
STK_MANINFRA,STOCK,Man Infraconstruction Ltd.,MANINFRA,NSE,,TRUE
STK_MANAPPURAM,STOCK,Manappuram Finance Ltd.,MANAPPURAM,NSE,,TRUE
STK_MRPL,STOCK,Mangalore Refinery & Petrochemicals Ltd.,MRPL,NSE,,TRUE
STK_MANKIND,STOCK,Mankind Pharma Ltd.,MANKIND,NSE,,TRUE
STK_MANORAMA,STOCK,Manorama Industries Ltd.,MANORAMA,NSE,,TRUE
STK_MARICO,STOCK,Marico Ltd.,MARICO,NSE,,TRUE
STK_MARKSANS,STOCK,Marksans Pharma Ltd.,MARKSANS,NSE,,TRUE
STK_MARUTI,STOCK,Maruti Suzuki India Ltd.,MARUTI,NSE,,TRUE
STK_MASTEK,STOCK,Mastek Ltd.,MASTEK,NSE,,TRUE
STK_MAXESTATES,STOCK,Max Estates Ltd.,MAXESTATES,NSE,,TRUE
STK_MFSL,STOCK,Max Financial Services Ltd.,MFSL,NSE,,TRUE
STK_MAXHEALTH,STOCK,Max Healthcare Institute Ltd.,MAXHEALTH,NSE,,TRUE
STK_MAZDOCK,STOCK,Mazagoan Dock Shipbuilders Ltd.,MAZDOCK,NSE,,TRUE
STK_MEDPLUS,STOCK,Medplus Health Services Ltd.,MEDPLUS,NSE,,TRUE
STK_METROPOLIS,STOCK,Metropolis Healthcare Ltd.,METROPOLIS,NSE,,TRUE
STK_MINDACORP,STOCK,Minda Corporation Ltd.,MINDACORP,NSE,,TRUE
STK_MIDHANI,STOCK,Mishra Dhatu Nigam Ltd.,MIDHANI,NSE,,TRUE
STK_MSUMI,STOCK,Motherson Sumi Wiring India Ltd.,MSUMI,NSE,,TRUE
STK_MOTILALOFS,STOCK,Motilal Oswal Financial Services Ltd.,MOTILALOFS,NSE,,TRUE
STK_MPHASIS,STOCK,MphasiS Ltd.,MPHASIS,NSE,,TRUE
STK_BECTORFOOD,STOCK,Mrs. Bectors Food Specialities Ltd.,BECTORFOOD,NSE,,TRUE
STK_MCX,STOCK,Multi Commodity Exchange of India Ltd.,MCX,NSE,,TRUE
STK_MUTHOOTFIN,STOCK,Muthoot Finance Ltd.,MUTHOOTFIN,NSE,,TRUE
STK_NATCOPHARM,STOCK,NATCO Pharma Ltd.,NATCOPHARM,NSE,,TRUE
STK_NBCC,STOCK,NBCC (India) Ltd.,NBCC,NSE,,TRUE
STK_NCC,STOCK,NCC Ltd.,NCC,NSE,,TRUE
STK_NEOGEN,STOCK,NEOGEN CHEMICALS LTD.,NEOGEN,NSE,,TRUE
STK_NESCO,STOCK,NESCO Ltd.,NESCO,NSE,,TRUE
STK_NHPC,STOCK,NHPC Ltd.,NHPC,NSE,,TRUE
STK_NLCINDIA,STOCK,NLC India Ltd.,NLCINDIA,NSE,,TRUE
STK_NMDC,STOCK,NMDC Ltd.,NMDC,NSE,,TRUE
STK_NSLNISP,STOCK,NMDC Steel Ltd.,NSLNISP,NSE,,TRUE
STK_NTPCGREEN,STOCK,NTPC Green Energy Ltd.,NTPCGREEN,NSE,,TRUE
STK_NTPC,STOCK,NTPC Ltd.,NTPC,NSE,,TRUE
STK_NH,STOCK,Narayana Hrudayalaya Ltd.,NH,NSE,,TRUE
STK_NATIONALUM,STOCK,National Aluminium Co. Ltd.,NATIONALUM,NSE,,TRUE
STK_NFL,STOCK,National Fertilizers Ltd.,NFL,NSE,,TRUE
STK_NAVA,STOCK,Nava Ltd.,NAVA,NSE,,TRUE
STK_NAVINFLUOR,STOCK,Navin Fluorine International Ltd.,NAVINFLUOR,NSE,,TRUE
STK_NAZARA,STOCK,Nazara Technologies Ltd.,NAZARA,NSE,,TRUE
STK_NESTLEIND,STOCK,Nestle India Ltd.,NESTLEIND,NSE,,TRUE
STK_NETWEB,STOCK,Netweb Technologies India Ltd.,NETWEB,NSE,,TRUE
STK_NETWORK18,STOCK,Network18 Media & Investments Ltd.,NETWORK18,NSE,,TRUE
STK_NEULANDLAB,STOCK,Neuland Laboratories Ltd.,NEULANDLAB,NSE,,TRUE
STK_NEWGEN,STOCK,Newgen Software Technologies Ltd.,NEWGEN,NSE,,TRUE
STK_NAM-INDIA,STOCK,Nippon Life India Asset Management Ltd.,NAM-INDIA,NSE,,TRUE
STK_NIVABUPA,STOCK,Niva Bupa Health Insurance Company Ltd.,NIVABUPA,NSE,,TRUE
STK_NUVAMA,STOCK,Nuvama Wealth Management Ltd.,NUVAMA,NSE,,TRUE
STK_NUVOCO,STOCK,Nuvoco Vistas Corporation Ltd.,NUVOCO,NSE,,TRUE
STK_OBEROIRLTY,STOCK,Oberoi Realty Ltd.,OBEROIRLTY,NSE,,TRUE
STK_ONGC,STOCK,Oil & Natural Gas Corporation Ltd.,ONGC,NSE,,TRUE
STK_OIL,STOCK,Oil India Ltd.,OIL,NSE,,TRUE
STK_OLAELEC,STOCK,Ola Electric Mobility Ltd.,OLAELEC,NSE,,TRUE
STK_OLECTRA,STOCK,Olectra Greentech Ltd.,OLECTRA,NSE,,TRUE
STK_PAYTM,STOCK,One 97 Communications Ltd.,PAYTM,NSE,,TRUE
STK_ONESOURCE,STOCK,Onesource Specialty Pharma Ltd.,ONESOURCE,NSE,,TRUE
STK_OPTIEMUS,STOCK,Optiemus Infracom Ltd.,OPTIEMUS,NSE,,TRUE
STK_OFSS,STOCK,Oracle Financial Services Software Ltd.,OFSS,NSE,,TRUE
STK_ORCHPHARMA,STOCK,Orchid Pharma Ltd.,ORCHPHARMA,NSE,,TRUE
STK_ORIENTCEM,STOCK,Orient Cement Ltd.,ORIENTCEM,NSE,,TRUE
STK_OSWALPUMPS,STOCK,Oswal Pumps Ltd.,OSWALPUMPS,NSE,,TRUE
STK_PNGJL,STOCK,P N Gadgil Jewellers Ltd.,PNGJL,NSE,,TRUE
STK_POLICYBZR,STOCK,PB Fintech Ltd.,POLICYBZR,NSE,,TRUE
STK_PCJEWELLER,STOCK,PC Jeweller Ltd.,PCJEWELLER,NSE,,TRUE
STK_PCBL,STOCK,PCBL Chemical Ltd.,PCBL,NSE,,TRUE
STK_PGEL,STOCK,PG Electroplast Ltd.,PGEL,NSE,,TRUE
STK_PIIND,STOCK,PI Industries Ltd.,PIIND,NSE,,TRUE
STK_PNBHOUSING,STOCK,PNB Housing Finance Ltd.,PNBHOUSING,NSE,,TRUE
STK_PNCINFRA,STOCK,PNC Infratech Ltd.,PNCINFRA,NSE,,TRUE
STK_PTC,STOCK,PTC India Ltd.,PTC,NSE,,TRUE
STK_PTCIL,STOCK,PTC Industries Ltd.,PTCIL,NSE,,TRUE
STK_PVRINOX,STOCK,PVR INOX Ltd.,PVRINOX,NSE,,TRUE
STK_PAGEIND,STOCK,Page Industries Ltd.,PAGEIND,NSE,,TRUE
STK_PARADEEP,STOCK,Paradeep Phosphates Ltd.,PARADEEP,NSE,,TRUE
STK_PARAS,STOCK,Paras Defence and Space Technologies Ltd.,PARAS,NSE,,TRUE
STK_PATANJALI,STOCK,Patanjali Foods Ltd.,PATANJALI,NSE,,TRUE
STK_PATELENG,STOCK,Patel Engineering Ltd.,PATELENG,NSE,,TRUE
STK_PGIL,STOCK,Pearl Global Industries Ltd.,PGIL,NSE,,TRUE
STK_PERSISTENT,STOCK,Persistent Systems Ltd.,PERSISTENT,NSE,,TRUE
STK_PETRONET,STOCK,Petronet LNG Ltd.,PETRONET,NSE,,TRUE
STK_PFIZER,STOCK,Pfizer Ltd.,PFIZER,NSE,,TRUE
STK_PHOENIXLTD,STOCK,Phoenix Mills Ltd.,PHOENIXLTD,NSE,,TRUE
STK_PIDILITIND,STOCK,Pidilite Industries Ltd.,PIDILITIND,NSE,,TRUE
STK_PPLPHARMA,STOCK,Piramal Pharma Ltd.,PPLPHARMA,NSE,,TRUE
STK_POLYMED,STOCK,Poly Medicure Ltd.,POLYMED,NSE,,TRUE
STK_POLYCAB,STOCK,Polycab India Ltd.,POLYCAB,NSE,,TRUE
STK_POLYPLEX,STOCK,Polyplex Corporation Ltd.,POLYPLEX,NSE,,TRUE
STK_POONAWALLA,STOCK,Poonawalla Fincorp Ltd.,POONAWALLA,NSE,,TRUE
STK_PFC,STOCK,Power Finance Corporation Ltd.,PFC,NSE,,TRUE
STK_POWERGRID,STOCK,Power Grid Corporation of India Ltd.,POWERGRID,NSE,,TRUE
STK_POWERMECH,STOCK,Power Mech Projects Ltd.,POWERMECH,NSE,,TRUE
STK_PRAJIND,STOCK,Praj Industries Ltd.,PRAJIND,NSE,,TRUE
STK_PREMIERENE,STOCK,Premier Energies Ltd.,PREMIERENE,NSE,,TRUE
STK_PRESTIGE,STOCK,Prestige Estates Projects Ltd.,PRESTIGE,NSE,,TRUE
STK_PRICOLLTD,STOCK,Pricol Ltd.,PRICOLLTD,NSE,,TRUE
STK_PRINCEPIPE,STOCK,Prince Pipes and Fittings Ltd.,PRINCEPIPE,NSE,,TRUE
STK_PRSMJOHNSN,STOCK,Prism Johnson Ltd.,PRSMJOHNSN,NSE,,TRUE
STK_PRIVISCL,STOCK,Privi Speciality Chemicals Ltd.,PRIVISCL,NSE,,TRUE
STK_PGHH,STOCK,Procter & Gamble Hygiene & Health Care Ltd.,PGHH,NSE,,TRUE
STK_PRUDENT,STOCK,Prudent Corporate Advisory Services Ltd.,PRUDENT,NSE,,TRUE
STK_PNB,STOCK,Punjab National Bank,PNB,NSE,,TRUE
STK_PURVA,STOCK,Puravankara Ltd.,PURVA,NSE,,TRUE
STK_QUESS,STOCK,Quess Corp Ltd.,QUESS,NSE,,TRUE
STK_RRKABEL,STOCK,R R Kabel Ltd.,RRKABEL,NSE,,TRUE
STK_RBLBANK,STOCK,RBL Bank Ltd.,RBLBANK,NSE,,TRUE
STK_RECLTD,STOCK,REC Ltd.,RECLTD,NSE,,TRUE
STK_RHIM,STOCK,RHI MAGNESITA INDIA LTD.,RHIM,NSE,,TRUE
STK_RITES,STOCK,RITES Ltd.,RITES,NSE,,TRUE
STK_RADICO,STOCK,Radico Khaitan Ltd,RADICO,NSE,,TRUE
STK_RVNL,STOCK,Rail Vikas Nigam Ltd.,RVNL,NSE,,TRUE
STK_RAILTEL,STOCK,Railtel Corporation Of India Ltd.,RAILTEL,NSE,,TRUE
STK_RAIN,STOCK,Rain Industries Ltd,RAIN,NSE,,TRUE
STK_RAINBOW,STOCK,Rainbow Childrens Medicare Ltd.,RAINBOW,NSE,,TRUE
STK_RAJESHEXPO,STOCK,Rajesh Exports Ltd.,RAJESHEXPO,NSE,,TRUE
STK_RALLIS,STOCK,Rallis India Ltd.,RALLIS,NSE,,TRUE
STK_RKFORGE,STOCK,Ramkrishna Forgings Ltd.,RKFORGE,NSE,,TRUE
STK_RCF,STOCK,Rashtriya Chemicals & Fertilizers Ltd.,RCF,NSE,,TRUE
STK_RATEGAIN,STOCK,Rategain Travel Technologies Ltd.,RATEGAIN,NSE,,TRUE
STK_RATNAMANI,STOCK,Ratnamani Metals & Tubes Ltd.,RATNAMANI,NSE,,TRUE
STK_RTNINDIA,STOCK,RattanIndia Enterprises Ltd.,RTNINDIA,NSE,,TRUE
STK_RTNPOWER,STOCK,RattanIndia Power Ltd.,RTNPOWER,NSE,,TRUE
STK_RAYMONDLSL,STOCK,Raymond Lifestyle Ltd.,RAYMONDLSL,NSE,,TRUE
STK_REDINGTON,STOCK,Redington Ltd.,REDINGTON,NSE,,TRUE
STK_REFEX,STOCK,Refex Industries Ltd.,REFEX,NSE,,TRUE
STK_RELAXO,STOCK,Relaxo Footwears Ltd.,RELAXO,NSE,,TRUE
STK_RELIANCE,STOCK,Reliance Industries Ltd.,RELIANCE,NSE,,TRUE
STK_RELINFRA,STOCK,Reliance Infrastructure Ltd.,RELINFRA,NSE,,TRUE
STK_RPOWER,STOCK,Reliance Power Ltd.,RPOWER,NSE,,TRUE
STK_RELIGARE,STOCK,Religare Enterprises Ltd.,RELIGARE,NSE,,TRUE
STK_RBA,STOCK,Restaurant Brands Asia Ltd.,RBA,NSE,,TRUE
STK_ROUTE,STOCK,Route Mobile Ltd.,ROUTE,NSE,,TRUE
STK_SBFC,STOCK,SBFC Finance Ltd.,SBFC,NSE,,TRUE
STK_SBICARD,STOCK,SBI Cards and Payment Services Ltd.,SBICARD,NSE,,TRUE
STK_SBILIFE,STOCK,SBI Life Insurance Company Ltd.,SBILIFE,NSE,,TRUE
STK_SJVN,STOCK,SJVN Ltd.,SJVN,NSE,,TRUE
STK_SKFINDIA,STOCK,SKF India Ltd.,SKFINDIA,NSE,,TRUE
STK_SKYGOLD,STOCK,SKY GOLD AND DIAMONDS Ltd.,SKYGOLD,NSE,,TRUE
STK_SRF,STOCK,SRF Ltd.,SRF,NSE,,TRUE
STK_SAFARI,STOCK,Safari Industries (India) Ltd.,SAFARI,NSE,,TRUE
STK_SAGILITY,STOCK,Sagility Ltd.,SAGILITY,NSE,,TRUE
STK_SAILIFE,STOCK,Sai Life Sciences Ltd.,SAILIFE,NSE,,TRUE
STK_SAMHI,STOCK,Samhi Hotels Ltd.,SAMHI,NSE,,TRUE
STK_SAMMAANCAP,STOCK,Sammaan Capital Ltd.,SAMMAANCAP,NSE,,TRUE
STK_MOTHERSON,STOCK,Samvardhana Motherson International Ltd.,MOTHERSON,NSE,,TRUE
STK_SANDUMA,STOCK,Sandur Manganese & Iron Ores Ltd.,SANDUMA,NSE,,TRUE
STK_SANOFICONR,STOCK,Sanofi Consumer Healthcare India Ltd.,SANOFICONR,NSE,,TRUE
STK_SANOFI,STOCK,Sanofi India Ltd.,SANOFI,NSE,,TRUE
STK_SANSERA,STOCK,Sansera Engineering Ltd.,SANSERA,NSE,,TRUE
STK_SAPPHIRE,STOCK,Sapphire Foods India Ltd.,SAPPHIRE,NSE,,TRUE
STK_SARDAEN,STOCK,Sarda Energy and Minerals Ltd.,SARDAEN,NSE,,TRUE
STK_SAREGAMA,STOCK,Saregama India Ltd,SAREGAMA,NSE,,TRUE
STK_SCHAEFFLER,STOCK,Schaeffler India Ltd.,SCHAEFFLER,NSE,,TRUE
STK_SCHNEIDER,STOCK,Schneider Electric Infrastructure Ltd.,SCHNEIDER,NSE,,TRUE
STK_SENCO,STOCK,Senco Gold Ltd.,SENCO,NSE,,TRUE
STK_SEQUENT,STOCK,Sequent Scientific Ltd.,SEQUENT,NSE,,TRUE
STK_SHAILY,STOCK,Shaily Engineering Plastics Ltd.,SHAILY,NSE,,TRUE
STK_SHAKTIPUMP,STOCK,Shakti Pumps (India) Ltd.,SHAKTIPUMP,NSE,,TRUE
STK_SHARDACROP,STOCK,Sharda Cropchem Ltd.,SHARDACROP,NSE,,TRUE
STK_SHARDAMOTR,STOCK,Sharda Motor Industries Ltd.,SHARDAMOTR,NSE,,TRUE
STK_SHAREINDIA,STOCK,Share India Securities Ltd.,SHAREINDIA,NSE,,TRUE
STK_SFL,STOCK,Sheela Foam Ltd.,SFL,NSE,,TRUE
STK_SHILPAMED,STOCK,Shilpa Medicare Ltd.,SHILPAMED,NSE,,TRUE
STK_SCI,STOCK,Shipping Corporation of India Ltd.,SCI,NSE,,TRUE
STK_SHREECEM,STOCK,Shree Cement Ltd.,SHREECEM,NSE,,TRUE
STK_RENUKA,STOCK,Shree Renuka Sugars Ltd.,RENUKA,NSE,,TRUE
STK_SHRIRAMFIN,STOCK,Shriram Finance Ltd.,SHRIRAMFIN,NSE,,TRUE
STK_SHRIPISTON,STOCK,Shriram Pistons & Rings Ltd.,SHRIPISTON,NSE,,TRUE
STK_SHYAMMETL,STOCK,Shyam Metalics and Energy Ltd.,SHYAMMETL,NSE,,TRUE
STK_ENRIN,STOCK,Siemens Energy India Ltd.,ENRIN,NSE,,TRUE
STK_SIEMENS,STOCK,Siemens Ltd.,SIEMENS,NSE,,TRUE
STK_SIGNATURE,STOCK,Signatureglobal (India) Ltd.,SIGNATURE,NSE,,TRUE
STK_SKIPPER,STOCK,Skipper Ltd.,SKIPPER,NSE,,TRUE
STK_SOBHA,STOCK,Sobha Ltd.,SOBHA,NSE,,TRUE
STK_SOLARINDS,STOCK,Solar Industries India Ltd.,SOLARINDS,NSE,,TRUE
STK_SONACOMS,STOCK,Sona BLW Precision Forgings Ltd.,SONACOMS,NSE,,TRUE
STK_SONATSOFTW,STOCK,Sonata Software Ltd.,SONATSOFTW,NSE,,TRUE
STK_SOUTHBANK,STOCK,South Indian Bank Ltd.,SOUTHBANK,NSE,,TRUE
STK_STARCEMENT,STOCK,Star Cement Ltd.,STARCEMENT,NSE,,TRUE
STK_STARHEALTH,STOCK,Star Health and Allied Insurance Company Ltd.,STARHEALTH,NSE,,TRUE
STK_SBIN,STOCK,State Bank of India,SBIN,NSE,,TRUE
STK_SAIL,STOCK,Steel Authority of India Ltd.,SAIL,NSE,,TRUE
STK_SWSOLAR,STOCK,Sterling and Wilson Renewable Energy Ltd.,SWSOLAR,NSE,,TRUE
STK_STLTECH,STOCK,Sterlite Technologies Ltd.,STLTECH,NSE,,TRUE
STK_STAR,STOCK,Strides Pharma Science Ltd.,STAR,NSE,,TRUE
STK_STYRENIX,STOCK,Styrenix Performance Materials Ltd.,STYRENIX,NSE,,TRUE
STK_SUBROS,STOCK,Subros Ltd.,SUBROS,NSE,,TRUE
STK_SUDARSCHEM,STOCK,Sudarshan Chemical Industries Ltd.,SUDARSCHEM,NSE,,TRUE
STK_SUMICHEM,STOCK,Sumitomo Chemical India Ltd.,SUMICHEM,NSE,,TRUE
STK_SPARC,STOCK,Sun Pharma Advanced Research Company Ltd.,SPARC,NSE,,TRUE
STK_SUNPHARMA,STOCK,Sun Pharmaceutical Industries Ltd.,SUNPHARMA,NSE,,TRUE
STK_SUNTV,STOCK,Sun TV Network Ltd.,SUNTV,NSE,,TRUE
STK_SUNDARMFIN,STOCK,Sundaram Finance Ltd.,SUNDARMFIN,NSE,,TRUE
STK_SUNDRMFAST,STOCK,Sundram Fasteners Ltd.,SUNDRMFAST,NSE,,TRUE
STK_SUNFLAG,STOCK,Sunflag Iron & Steel Company Ltd.,SUNFLAG,NSE,,TRUE
STK_SUNTECK,STOCK,Sunteck Realty Ltd.,SUNTECK,NSE,,TRUE
STK_SUPREMEIND,STOCK,Supreme Industries Ltd.,SUPREMEIND,NSE,,TRUE
STK_SUPRIYA,STOCK,Supriya Lifescience Ltd.,SUPRIYA,NSE,,TRUE
STK_SURYAROSNI,STOCK,Surya Roshni Ltd.,SURYAROSNI,NSE,,TRUE
STK_SUZLON,STOCK,Suzlon Energy Ltd.,SUZLON,NSE,,TRUE
STK_SWANCORP,STOCK,Swan Corp Ltd.,SWANCORP,NSE,,TRUE
STK_SWIGGY,STOCK,Swiggy Ltd.,SWIGGY,NSE,,TRUE
STK_SYMPHONY,STOCK,Symphony Ltd.,SYMPHONY,NSE,,TRUE
STK_SYNGENE,STOCK,Syngene International Ltd.,SYNGENE,NSE,,TRUE
STK_SYRMA,STOCK,Syrma SGS Technology Ltd.,SYRMA,NSE,,TRUE
STK_TARC,STOCK,TARC Ltd.,TARC,NSE,,TRUE
STK_TBOTEK,STOCK,TBO Tek Ltd.,TBOTEK,NSE,,TRUE
STK_TDPOWERSYS,STOCK,TD Power Systems Ltd.,TDPOWERSYS,NSE,,TRUE
STK_TSFINV,STOCK,TSF Investments Ltd.,TSFINV,NSE,,TRUE
STK_TVSMOTOR,STOCK,TVS Motor Company Ltd.,TVSMOTOR,NSE,,TRUE
STK_TVSSCS,STOCK,TVS Supply Chain Solutions Ltd.,TVSSCS,NSE,,TRUE
STK_TANLA,STOCK,Tanla Platforms Ltd.,TANLA,NSE,,TRUE
STK_TATACHEM,STOCK,Tata Chemicals Ltd.,TATACHEM,NSE,,TRUE
STK_TATACOMM,STOCK,Tata Communications Ltd.,TATACOMM,NSE,,TRUE
STK_TCS,STOCK,Tata Consultancy Services Ltd.,TCS,NSE,,TRUE
STK_TATACONSUM,STOCK,Tata Consumer Products Ltd.,TATACONSUM,NSE,,TRUE
STK_TATAELXSI,STOCK,Tata Elxsi Ltd.,TATAELXSI,NSE,,TRUE
STK_TATAINVEST,STOCK,Tata Investment Corporation Ltd.,TATAINVEST,NSE,,TRUE
STK_TMPV,STOCK,Tata Motors Passenger Vehicles Ltd.,TMPV,NSE,,TRUE
STK_TATAPOWER,STOCK,Tata Power Co. Ltd.,TATAPOWER,NSE,,TRUE
STK_TATASTEEL,STOCK,Tata Steel Ltd.,TATASTEEL,NSE,,TRUE
STK_TATATECH,STOCK,Tata Technologies Ltd.,TATATECH,NSE,,TRUE
STK_TTML,STOCK,Tata Teleservices (Maharashtra) Ltd.,TTML,NSE,,TRUE
STK_TEAMLEASE,STOCK,Teamlease Services Ltd.,TEAMLEASE,NSE,,TRUE
STK_TECHM,STOCK,Tech Mahindra Ltd.,TECHM,NSE,,TRUE
STK_TECHNOE,STOCK,Techno Electric & Engineering Company Ltd.,TECHNOE,NSE,,TRUE
STK_TEGA,STOCK,Tega Industries Ltd.,TEGA,NSE,,TRUE
STK_TEJASNET,STOCK,Tejas Networks Ltd.,TEJASNET,NSE,,TRUE
STK_TEXRAIL,STOCK,Texmaco Rail & Eng. Ltd.,TEXRAIL,NSE,,TRUE
STK_THANGAMAYL,STOCK,Thangamayil Jewellery Ltd.,THANGAMAYL,NSE,,TRUE
STK_ANUP,STOCK,The Anup Engineering Ltd.,ANUP,NSE,,TRUE
STK_NIACL,STOCK,The New India Assurance Company Ltd.,NIACL,NSE,,TRUE
STK_RAMCOCEM,STOCK,The Ramco Cements Ltd.,RAMCOCEM,NSE,,TRUE
STK_THERMAX,STOCK,Thermax Ltd.,THERMAX,NSE,,TRUE
STK_THOMASCOOK,STOCK,Thomas Cook (India) Ltd.,THOMASCOOK,NSE,,TRUE
STK_THYROCARE,STOCK,Thyrocare Technologies Ltd.,THYROCARE,NSE,,TRUE
STK_TI,STOCK,Tilaknagar Industries Ltd.,TI,NSE,,TRUE
STK_TIMETECHNO,STOCK,Time Technoplast Ltd.,TIMETECHNO,NSE,,TRUE
STK_TIMKEN,STOCK,Timken India Ltd.,TIMKEN,NSE,,TRUE
STK_TIPSMUSIC,STOCK,Tips Music Ltd.,TIPSMUSIC,NSE,,TRUE
STK_TITAGARH,STOCK,Titagarh Rail Systems Ltd.,TITAGARH,NSE,,TRUE
STK_TITAN,STOCK,Titan Company Ltd.,TITAN,NSE,,TRUE
STK_TORNTPHARM,STOCK,Torrent Pharmaceuticals Ltd.,TORNTPHARM,NSE,,TRUE
STK_TORNTPOWER,STOCK,Torrent Power Ltd.,TORNTPOWER,NSE,,TRUE
STK_TARIL,STOCK,Transformers And Rectifiers (India) Ltd.,TARIL,NSE,,TRUE
STK_TRANSRAILL,STOCK,Transrail Lighting Ltd.,TRANSRAILL,NSE,,TRUE
STK_TRENT,STOCK,Trent Ltd.,TRENT,NSE,,TRUE
STK_TRIDENT,STOCK,Trident Ltd.,TRIDENT,NSE,,TRUE
STK_TRIVENI,STOCK,Triveni Engineering & Industries Ltd.,TRIVENI,NSE,,TRUE
STK_TRITURBINE,STOCK,Triveni Turbine Ltd.,TRITURBINE,NSE,,TRUE
STK_TIINDIA,STOCK,Tube Investments of India Ltd.,TIINDIA,NSE,,TRUE
STK_UCOBANK,STOCK,UCO Bank,UCOBANK,NSE,,TRUE
STK_UNOMINDA,STOCK,UNO Minda Ltd.,UNOMINDA,NSE,,TRUE
STK_UPL,STOCK,UPL Ltd.,UPL,NSE,,TRUE
STK_UTIAMC,STOCK,UTI Asset Management Company Ltd.,UTIAMC,NSE,,TRUE
STK_UJJIVANSFB,STOCK,Ujjivan Small Finance Bank Ltd.,UJJIVANSFB,NSE,,TRUE
STK_ULTRACEMCO,STOCK,UltraTech Cement Ltd.,ULTRACEMCO,NSE,,TRUE
STK_UNIMECH,STOCK,Unimech Aerospace and Manufacturing Ltd.,UNIMECH,NSE,,TRUE
STK_UNIONBANK,STOCK,Union Bank of India,UNIONBANK,NSE,,TRUE
STK_UBL,STOCK,United Breweries Ltd.,UBL,NSE,,TRUE
STK_UNITDSPR,STOCK,United Spirits Ltd.,UNITDSPR,NSE,,TRUE
STK_USHAMART,STOCK,Usha Martin Ltd.,USHAMART,NSE,,TRUE
STK_VGUARD,STOCK,V-Guard Industries Ltd.,VGUARD,NSE,,TRUE
STK_VMART,STOCK,V-Mart Retail Ltd.,VMART,NSE,,TRUE
STK_VIPIND,STOCK,V.I.P. Industries Ltd.,VIPIND,NSE,,TRUE
STK_V2RETAIL,STOCK,V2 Retail Ltd.,V2RETAIL,NSE,,TRUE
STK_VSTIND,STOCK,VST Industries Ltd.,VSTIND,NSE,,TRUE
STK_WABAG,STOCK,Va Tech Wabag Ltd.,WABAG,NSE,,TRUE
STK_VAIBHAVGBL,STOCK,Vaibhav Global Ltd.,VAIBHAVGBL,NSE,,TRUE
STK_DBREALTY,STOCK,Valor Estate Ltd.,DBREALTY,NSE,,TRUE
STK_VTL,STOCK,Vardhman Textiles Ltd.,VTL,NSE,,TRUE
STK_VARROC,STOCK,Varroc Engineering Ltd.,VARROC,NSE,,TRUE
STK_VBL,STOCK,Varun Beverages Ltd.,VBL,NSE,,TRUE
STK_MANYAVAR,STOCK,Vedant Fashions Ltd.,MANYAVAR,NSE,,TRUE
STK_VEDL,STOCK,Vedanta Ltd.,VEDL,NSE,,TRUE
STK_VENTIVE,STOCK,Ventive Hospitality Ltd.,VENTIVE,NSE,,TRUE
STK_VESUVIUS,STOCK,Vesuvius India Ltd.,VESUVIUS,NSE,,TRUE
STK_VIJAYA,STOCK,Vijaya Diagnostic Centre Ltd.,VIJAYA,NSE,,TRUE
STK_VINATIORGA,STOCK,Vinati Organics Ltd.,VINATIORGA,NSE,,TRUE
STK_VMM,STOCK,Vishal Mega Mart Ltd.,VMM,NSE,,TRUE
STK_IDEA,STOCK,Vodafone Idea Ltd.,IDEA,NSE,,TRUE
STK_VOLTAMP,STOCK,Voltamp Transformers Ltd,VOLTAMP,NSE,,TRUE
STK_VOLTAS,STOCK,Voltas Ltd.,VOLTAS,NSE,,TRUE
STK_WAAREEENER,STOCK,Waaree Energies Ltd.,WAAREEENER,NSE,,TRUE
STK_WAAREERTL,STOCK,Waaree Renewable Technologies Ltd.,WAAREERTL,NSE,,TRUE
STK_WEBELSOLAR,STOCK,Websol Energy System Ltd.,WEBELSOLAR,NSE,,TRUE
STK_WELCORP,STOCK,Welspun Corp Ltd.,WELCORP,NSE,,TRUE
STK_WELENT,STOCK,Welspun Enterprises Ltd.,WELENT,NSE,,TRUE
STK_WELSPUNLIV,STOCK,Welspun Living Ltd.,WELSPUNLIV,NSE,,TRUE
STK_WESTLIFE,STOCK,Westlife Foodworld Ltd.,WESTLIFE,NSE,,TRUE
STK_WHIRLPOOL,STOCK,Whirlpool of India Ltd.,WHIRLPOOL,NSE,,TRUE
STK_WIPRO,STOCK,Wipro Ltd.,WIPRO,NSE,,TRUE
STK_WOCKPHARMA,STOCK,Wockhardt Ltd.,WOCKPHARMA,NSE,,TRUE
STK_YATHARTH,STOCK,Yatharth Hospital & Trauma Care Services Ltd.,YATHARTH,NSE,,TRUE
STK_YESBANK,STOCK,Yes Bank Ltd.,YESBANK,NSE,,TRUE
STK_ZFCVINDIA,STOCK,ZF Commercial Vehicle Control Systems India Ltd.,ZFCVINDIA,NSE,,TRUE
STK_ZAGGLE,STOCK,Zaggle Prepaid Ocean Services Ltd.,ZAGGLE,NSE,,TRUE
STK_ZEEL,STOCK,Zee Entertainment Enterprises Ltd.,ZEEL,NSE,,TRUE
STK_ZENTEC,STOCK,Zen Technologies Ltd.,ZENTEC,NSE,,TRUE
STK_ZENSARTECH,STOCK,Zensar Technolgies Ltd.,ZENSARTECH,NSE,,TRUE
STK_ZYDUSLIFE,STOCK,Zydus Lifesciences Ltd.,ZYDUSLIFE,NSE,,TRUE
STK_ZYDUSWELL,STOCK,Zydus Wellness Ltd.,ZYDUSWELL,NSE,,TRUE
STK_ECLERX,STOCK,eClerx Services Ltd.,ECLERX,NSE,,TRUE
STK_EMUDHRA,STOCK,eMudhra Ltd.,EMUDHRA,NSE,,TRUE
