index_entity_id,stock_entity_id
IDX_NIFTY 50,STK_ADANIENT
IDX_NIFTY 50,STK_ADANIPORTS
IDX_NIFTY 50,STK_APOLLOHOSP
IDX_NIFTY 50,STK_ASIANPAINT
IDX_NIFTY 50,STK_AXISBANK
IDX_NIFTY 50,STK_BAJFINANCE
IDX_NIFTY 50,STK_BAJAJFINSV
IDX_NIFTY 50,STK_BEL
IDX_NIFTY 50,STK_BHARTIARTL
IDX_NIFTY 50,STK_CIPLA
IDX_NIFTY 50,STK_COALINDIA
IDX_NIFTY 50,STK_DRREDDY
IDX_NIFTY 50,STK_DUMMYHDLVR
IDX_NIFTY 50,STK_EICHERMOT
IDX_NIFTY 50,STK_ETERNAL
IDX_NIFTY 50,STK_GRASIM
IDX_NIFTY 50,STK_HCLTECH
IDX_NIFTY 50,STK_HDFCBANK
IDX_NIFTY 50,STK_HDFCLIFE
IDX_NIFTY 50,STK_HINDALCO
IDX_NIFTY 50,STK_HINDUNILVR
IDX_NIFTY 50,STK_ICICIBANK
IDX_NIFTY 50,STK_ITC
IDX_NIFTY 50,STK_INFY
IDX_NIFTY 50,STK_INDIGO
IDX_NIFTY 50,STK_JSWSTEEL
IDX_NIFTY 50,STK_JIOFIN
IDX_NIFTY 50,STK_KOTAKBANK
IDX_NIFTY 50,STK_LT
IDX_NIFTY 50,STK_M&M
IDX_NIFTY 50,STK_MARUTI
IDX_NIFTY 50,STK_MAXHEALTH
IDX_NIFTY 50,STK_NTPC
IDX_NIFTY 50,STK_NESTLEIND
IDX_NIFTY 50,STK_ONGC
IDX_NIFTY 50,STK_POWERGRID
IDX_NIFTY 50,STK_RELIANCE
IDX_NIFTY 50,STK_SBILIFE
IDX_NIFTY 50,STK_SHRIRAMFIN
IDX_NIFTY 50,STK_SBIN
IDX_NIFTY 50,STK_SUNPHARMA
IDX_NIFTY 50,STK_TCS
IDX_NIFTY 50,STK_TATACONSUM
IDX_NIFTY 50,STK_TMPV
IDX_NIFTY 50,STK_TATASTEEL
IDX_NIFTY 50,STK_TECHM
IDX_NIFTY 50,STK_TITAN
IDX_NIFTY 50,STK_TRENT
IDX_NIFTY 50,STK_ULTRACEMCO
IDX_NIFTY 50,STK_WIPRO
IDX_NIFTY TOTAL MKT,STK_360ONE
IDX_NIFTY TOTAL MKT,STK_3MINDIA
IDX_NIFTY TOTAL MKT,STK_ABB
IDX_NIFTY TOTAL MKT,STK_ACC
IDX_NIFTY TOTAL MKT,STK_ACMESOLAR
IDX_NIFTY TOTAL MKT,STK_AGI
IDX_NIFTY TOTAL MKT,STK_AIAENG
IDX_NIFTY TOTAL MKT,STK_APLAPOLLO
IDX_NIFTY TOTAL MKT,STK_ASKAUTOLTD
IDX_NIFTY TOTAL MKT,STK_AUBANK
IDX_NIFTY TOTAL MKT,STK_AWL
IDX_NIFTY TOTAL MKT,STK_AADHARHFC
IDX_NIFTY TOTAL MKT,STK_AARTIDRUGS
IDX_NIFTY TOTAL MKT,STK_AARTIIND
IDX_NIFTY TOTAL MKT,STK_AARTIPHARM
IDX_NIFTY TOTAL MKT,STK_AAVAS
IDX_NIFTY TOTAL MKT,STK_ABBOTINDIA
IDX_NIFTY TOTAL MKT,STK_ACE
IDX_NIFTY TOTAL MKT,STK_ACUTAAS
IDX_NIFTY TOTAL MKT,STK_ADANIENSOL
IDX_NIFTY TOTAL MKT,STK_ADANIENT
IDX_NIFTY TOTAL MKT,STK_ADANIGREEN
IDX_NIFTY TOTAL MKT,STK_ADANIPORTS
IDX_NIFTY TOTAL MKT,STK_ADANIPOWER
IDX_NIFTY TOTAL MKT,STK_ATGL
IDX_NIFTY TOTAL MKT,STK_ABCAPITAL
IDX_NIFTY TOTAL MKT,STK_ABFRL
IDX_NIFTY TOTAL MKT,STK_ABLBL
IDX_NIFTY TOTAL MKT,STK_ABREL
IDX_NIFTY TOTAL MKT,STK_ABSLAMC
IDX_NIFTY TOTAL MKT,STK_ADVENZYMES
IDX_NIFTY TOTAL MKT,STK_AEGISLOG
IDX_NIFTY TOTAL MKT,STK_AEGISVOPAK
IDX_NIFTY TOTAL MKT,STK_AETHER
IDX_NIFTY TOTAL MKT,STK_AFCONS
IDX_NIFTY TOTAL MKT,STK_AFFLE
IDX_NIFTY TOTAL MKT,STK_AHLUCONT
IDX_NIFTY TOTAL MKT,STK_AJANTPHARM
IDX_NIFTY TOTAL MKT,STK_AJAXENGG
IDX_NIFTY TOTAL MKT,STK_AKUMS
IDX_NIFTY TOTAL MKT,STK_AKZOINDIA
IDX_NIFTY TOTAL MKT,STK_APLLTD
IDX_NIFTY TOTAL MKT,STK_ALIVUS
IDX_NIFTY TOTAL MKT,STK_ALKEM
IDX_NIFTY TOTAL MKT,STK_ALKYLAMINE
IDX_NIFTY TOTAL MKT,STK_ALLCARGO
IDX_NIFTY TOTAL MKT,STK_ABDL
IDX_NIFTY TOTAL MKT,STK_ALOKINDS
IDX_NIFTY TOTAL MKT,STK_ARE&M
IDX_NIFTY TOTAL MKT,STK_AMBER
IDX_NIFTY TOTAL MKT,STK_AMBUJACEM
IDX_NIFTY TOTAL MKT,STK_ANANDRATHI
IDX_NIFTY TOTAL MKT,STK_ANANTRAJ
IDX_NIFTY TOTAL MKT,STK_ANGELONE
IDX_NIFTY TOTAL MKT,STK_ANURAS
IDX_NIFTY TOTAL MKT,STK_APARINDS
IDX_NIFTY TOTAL MKT,STK_PARKHOTELS
IDX_NIFTY TOTAL MKT,STK_APOLLOHOSP
IDX_NIFTY TOTAL MKT,STK_APOLLOTYRE
IDX_NIFTY TOTAL MKT,STK_APTUS
IDX_NIFTY TOTAL MKT,STK_ACI
IDX_NIFTY TOTAL MKT,STK_ARVINDFASN
IDX_NIFTY TOTAL MKT,STK_ARVIND
IDX_NIFTY TOTAL MKT,STK_ASAHIINDIA
IDX_NIFTY TOTAL MKT,STK_ASHOKLEY
IDX_NIFTY TOTAL MKT,STK_ASHOKA
IDX_NIFTY TOTAL MKT,STK_ASIANPAINT
IDX_NIFTY TOTAL MKT,STK_ASTERDM
IDX_NIFTY TOTAL MKT,STK_ASTRAMICRO
IDX_NIFTY TOTAL MKT,STK_ASTRAZEN
IDX_NIFTY TOTAL MKT,STK_ASTRAL
IDX_NIFTY TOTAL MKT,STK_ATHERENERG
IDX_NIFTY TOTAL MKT,STK_ATUL
IDX_NIFTY TOTAL MKT,STK_AURIONPRO
IDX_NIFTY TOTAL MKT,STK_AUROPHARMA
IDX_NIFTY TOTAL MKT,STK_AIIL
IDX_NIFTY TOTAL MKT,STK_AVALON
IDX_NIFTY TOTAL MKT,STK_AVANTIFEED
IDX_NIFTY TOTAL MKT,STK_DMART
IDX_NIFTY TOTAL MKT,STK_AWFIS
IDX_NIFTY TOTAL MKT,STK_AXISBANK
IDX_NIFTY TOTAL MKT,STK_AZAD
IDX_NIFTY TOTAL MKT,STK_BASF
IDX_NIFTY TOTAL MKT,STK_BEML
IDX_NIFTY TOTAL MKT,STK_BLS
IDX_NIFTY TOTAL MKT,STK_BSE
IDX_NIFTY TOTAL MKT,STK_BAJAJ-AUTO
IDX_NIFTY TOTAL MKT,STK_BAJAJELEC
IDX_NIFTY TOTAL MKT,STK_BAJFINANCE
IDX_NIFTY TOTAL MKT,STK_BAJAJFINSV
IDX_NIFTY TOTAL MKT,STK_BAJAJHLDNG
IDX_NIFTY TOTAL MKT,STK_BAJAJHFL
IDX_NIFTY TOTAL MKT,STK_BALAMINES
IDX_NIFTY TOTAL MKT,STK_BALKRISIND
IDX_NIFTY TOTAL MKT,STK_BALRAMCHIN
IDX_NIFTY TOTAL MKT,STK_BALUFORGE
IDX_NIFTY TOTAL MKT,STK_BANCOINDIA
IDX_NIFTY TOTAL MKT,STK_BANDHANBNK
IDX_NIFTY TOTAL MKT,STK_BANKBARODA
IDX_NIFTY TOTAL MKT,STK_BANKINDIA
IDX_NIFTY TOTAL MKT,STK_MAHABANK
IDX_NIFTY TOTAL MKT,STK_BATAINDIA
IDX_NIFTY TOTAL MKT,STK_BAYERCROP
IDX_NIFTY TOTAL MKT,STK_BELRISE
IDX_NIFTY TOTAL MKT,STK_BERGEPAINT
IDX_NIFTY TOTAL MKT,STK_BBL
IDX_NIFTY TOTAL MKT,STK_BDL
IDX_NIFTY TOTAL MKT,STK_BEL
IDX_NIFTY TOTAL MKT,STK_BHARATFORG
IDX_NIFTY TOTAL MKT,STK_BHEL
IDX_NIFTY TOTAL MKT,STK_BPCL
IDX_NIFTY TOTAL MKT,STK_BHARTIARTL
IDX_NIFTY TOTAL MKT,STK_BHARTIHEXA
IDX_NIFTY TOTAL MKT,STK_BIKAJI
IDX_NIFTY TOTAL MKT,STK_BIOCON
IDX_NIFTY TOTAL MKT,STK_BIRLACORPN
IDX_NIFTY TOTAL MKT,STK_BSOFT
IDX_NIFTY TOTAL MKT,STK_BLACKBUCK
IDX_NIFTY TOTAL MKT,STK_BLUEDART
IDX_NIFTY TOTAL MKT,STK_BLUEJET
IDX_NIFTY TOTAL MKT,STK_BLUESTARCO
IDX_NIFTY TOTAL MKT,STK_BBTC
IDX_NIFTY TOTAL MKT,STK_BORORENEW
IDX_NIFTY TOTAL MKT,STK_BOSCHLTD
IDX_NIFTY TOTAL MKT,STK_FIRSTCRY
IDX_NIFTY TOTAL MKT,STK_BRIGADE
IDX_NIFTY TOTAL MKT,STK_BRITANNIA
IDX_NIFTY TOTAL MKT,STK_MAPMYINDIA
IDX_NIFTY TOTAL MKT,STK_CCL
IDX_NIFTY TOTAL MKT,STK_CESC
IDX_NIFTY TOTAL MKT,STK_CGPOWER
IDX_NIFTY TOTAL MKT,STK_CIEINDIA
IDX_NIFTY TOTAL MKT,STK_CMSINFO
IDX_NIFTY TOTAL MKT,STK_CRISIL
IDX_NIFTY TOTAL MKT,STK_CSBBANK
IDX_NIFTY TOTAL MKT,STK_CAMPUS
IDX_NIFTY TOTAL MKT,STK_CANFINHOME
IDX_NIFTY TOTAL MKT,STK_CANBK
IDX_NIFTY TOTAL MKT,STK_CAPLIPOINT
IDX_NIFTY TOTAL MKT,STK_CGCL
IDX_NIFTY TOTAL MKT,STK_CARBORUNIV
IDX_NIFTY TOTAL MKT,STK_CARTRADE
IDX_NIFTY TOTAL MKT,STK_CASTROLIND
IDX_NIFTY TOTAL MKT,STK_CEATLTD
IDX_NIFTY TOTAL MKT,STK_CEIGALL
IDX_NIFTY TOTAL MKT,STK_CELLO
IDX_NIFTY TOTAL MKT,STK_CEMPRO
IDX_NIFTY TOTAL MKT,STK_CENTRALBK
IDX_NIFTY TOTAL MKT,STK_CDSL
IDX_NIFTY TOTAL MKT,STK_CENTURYPLY
IDX_NIFTY TOTAL MKT,STK_CERA
IDX_NIFTY TOTAL MKT,STK_CHALET
IDX_NIFTY TOTAL MKT,STK_CHAMBLFERT
IDX_NIFTY TOTAL MKT,STK_CHENNPETRO
IDX_NIFTY TOTAL MKT,STK_CHOICEIN
IDX_NIFTY TOTAL MKT,STK_CHOLAHLDNG
IDX_NIFTY TOTAL MKT,STK_CHOLAFIN
IDX_NIFTY TOTAL MKT,STK_CIGNITITEC
IDX_NIFTY TOTAL MKT,STK_CIPLA
IDX_NIFTY TOTAL MKT,STK_CUB
IDX_NIFTY TOTAL MKT,STK_CLEAN
IDX_NIFTY TOTAL MKT,STK_COALINDIA
IDX_NIFTY TOTAL MKT,STK_COCHINSHIP
IDX_NIFTY TOTAL MKT,STK_COFORGE
IDX_NIFTY TOTAL MKT,STK_COHANCE
IDX_NIFTY TOTAL MKT,STK_COLPAL
IDX_NIFTY TOTAL MKT,STK_CAMS
IDX_NIFTY TOTAL MKT,STK_CONCORDBIO
IDX_NIFTY TOTAL MKT,STK_CONCOR
IDX_NIFTY TOTAL MKT,STK_COROMANDEL
IDX_NIFTY TOTAL MKT,STK_CRAFTSMAN
IDX_NIFTY TOTAL MKT,STK_CREDITACC
IDX_NIFTY TOTAL MKT,STK_CROMPTON
IDX_NIFTY TOTAL MKT,STK_CUMMINSIND
IDX_NIFTY TOTAL MKT,STK_CYIENTDLM
IDX_NIFTY TOTAL MKT,STK_CYIENT
IDX_NIFTY TOTAL MKT,STK_DCBBANK
IDX_NIFTY TOTAL MKT,STK_DCMSHRIRAM
IDX_NIFTY TOTAL MKT,STK_DLF
IDX_NIFTY TOTAL MKT,STK_DOMS
IDX_NIFTY TOTAL MKT,STK_DABUR
IDX_NIFTY TOTAL MKT,STK_DALBHARAT
IDX_NIFTY TOTAL MKT,STK_DATAPATTNS
IDX_NIFTY TOTAL MKT,STK_DATAMATICS
IDX_NIFTY TOTAL MKT,STK_DEEPAKFERT
IDX_NIFTY TOTAL MKT,STK_DEEPAKNTR
IDX_NIFTY TOTAL MKT,STK_DELHIVERY
IDX_NIFTY TOTAL MKT,STK_DEVYANI
IDX_NIFTY TOTAL MKT,STK_DHANUKA
IDX_NIFTY TOTAL MKT,STK_DIACABS
IDX_NIFTY TOTAL MKT,STK_DBL
IDX_NIFTY TOTAL MKT,STK_DCAL
IDX_NIFTY TOTAL MKT,STK_DIVISLAB
IDX_NIFTY TOTAL MKT,STK_DIXON
IDX_NIFTY TOTAL MKT,STK_DODLA
IDX_NIFTY TOTAL MKT,STK_AGARWALEYE
IDX_NIFTY TOTAL MKT,STK_LALPATHLAB
IDX_NIFTY TOTAL MKT,STK_DRREDDY
IDX_NIFTY TOTAL MKT,STK_DUMMYALCAR
IDX_NIFTY TOTAL MKT,STK_DUMMYHDLVR
IDX_NIFTY TOTAL MKT,STK_DYNAMATECH
IDX_NIFTY TOTAL MKT,STK_EIDPARRY
IDX_NIFTY TOTAL MKT,STK_EIHOTEL
IDX_NIFTY TOTAL MKT,STK_EPL
IDX_NIFTY TOTAL MKT,STK_EASEMYTRIP
IDX_NIFTY TOTAL MKT,STK_EDELWEISS
IDX_NIFTY TOTAL MKT,STK_EICHERMOT
IDX_NIFTY TOTAL MKT,STK_ELECON
IDX_NIFTY TOTAL MKT,STK_EMIL
IDX_NIFTY TOTAL MKT,STK_ELECTCAST
IDX_NIFTY TOTAL MKT,STK_ELGIEQUIP
IDX_NIFTY TOTAL MKT,STK_EMAMILTD
IDX_NIFTY TOTAL MKT,STK_EMBDL
IDX_NIFTY TOTAL MKT,STK_EMCURE
IDX_NIFTY TOTAL MKT,STK_ENDURANCE
IDX_NIFTY TOTAL MKT,STK_ENGINERSIN
IDX_NIFTY TOTAL MKT,STK_ENTERO
IDX_NIFTY TOTAL MKT,STK_EIEL
IDX_NIFTY TOTAL MKT,STK_EPIGRAL
IDX_NIFTY TOTAL MKT,STK_EQUITASBNK
IDX_NIFTY TOTAL MKT,STK_ERIS
IDX_NIFTY TOTAL MKT,STK_ESCORTS
IDX_NIFTY TOTAL MKT,STK_ETERNAL
IDX_NIFTY TOTAL MKT,STK_ETHOSLTD
IDX_NIFTY TOTAL MKT,STK_EUREKAFORB
IDX_NIFTY TOTAL MKT,STK_EXIDEIND
IDX_NIFTY TOTAL MKT,STK_FDC
IDX_NIFTY TOTAL MKT,STK_NYKAA
IDX_NIFTY TOTAL MKT,STK_FEDERALBNK
IDX_NIFTY TOTAL MKT,STK_FACT
IDX_NIFTY TOTAL MKT,STK_FIEMIND
IDX_NIFTY TOTAL MKT,STK_FINEORG
IDX_NIFTY TOTAL MKT,STK_FINCABLES
IDX_NIFTY TOTAL MKT,STK_FINPIPE
IDX_NIFTY TOTAL MKT,STK_FSL
IDX_NIFTY TOTAL MKT,STK_FIVESTAR
IDX_NIFTY TOTAL MKT,STK_FORCEMOT
IDX_NIFTY TOTAL MKT,STK_FORTIS
IDX_NIFTY TOTAL MKT,STK_GRINFRA
IDX_NIFTY TOTAL MKT,STK_GAIL
IDX_NIFTY TOTAL MKT,STK_GVT&D
IDX_NIFTY TOTAL MKT,STK_GHCL
IDX_NIFTY TOTAL MKT,STK_GMMPFAUDLR
IDX_NIFTY TOTAL MKT,STK_GMRAIRPORT
IDX_NIFTY TOTAL MKT,STK_GMRP&UI
IDX_NIFTY TOTAL MKT,STK_GABRIEL
IDX_NIFTY TOTAL MKT,STK_GALLANTT
IDX_NIFTY TOTAL MKT,STK_GANESHHOU
IDX_NIFTY TOTAL MKT,STK_GANECOS
IDX_NIFTY TOTAL MKT,STK_GRSE
IDX_NIFTY TOTAL MKT,STK_GRWRHITECH
IDX_NIFTY TOTAL MKT,STK_GARFIBRES
IDX_NIFTY TOTAL MKT,STK_GATEWAY
IDX_NIFTY TOTAL MKT,STK_GICRE
IDX_NIFTY TOTAL MKT,STK_GILLETTE
IDX_NIFTY TOTAL MKT,STK_GLAND
IDX_NIFTY TOTAL MKT,STK_GLAXO
IDX_NIFTY TOTAL MKT,STK_GLENMARK
IDX_NIFTY TOTAL MKT,STK_MEDANTA
IDX_NIFTY TOTAL MKT,STK_GODIGIT
IDX_NIFTY TOTAL MKT,STK_GPIL
IDX_NIFTY TOTAL MKT,STK_GODFRYPHLP
IDX_NIFTY TOTAL MKT,STK_GODREJAGRO
IDX_NIFTY TOTAL MKT,STK_GODREJCP
IDX_NIFTY TOTAL MKT,STK_GODREJIND
IDX_NIFTY TOTAL MKT,STK_GODREJPROP
IDX_NIFTY TOTAL MKT,STK_GOKEX
IDX_NIFTY TOTAL MKT,STK_GRANULES
IDX_NIFTY TOTAL MKT,STK_GRAPHITE
IDX_NIFTY TOTAL MKT,STK_GRASIM
IDX_NIFTY TOTAL MKT,STK_GRAVITA
IDX_NIFTY TOTAL MKT,STK_GESHIP
IDX_NIFTY TOTAL MKT,STK_GREAVESCOT
IDX_NIFTY TOTAL MKT,STK_GREENPANEL
IDX_NIFTY TOTAL MKT,STK_GAEL
IDX_NIFTY TOTAL MKT,STK_FLUOROCHEM
IDX_NIFTY TOTAL MKT,STK_GUJGASLTD
IDX_NIFTY TOTAL MKT,STK_GMDCLTD
IDX_NIFTY TOTAL MKT,STK_GNFC
IDX_NIFTY TOTAL MKT,STK_GPPL
IDX_NIFTY TOTAL MKT,STK_GSFC
IDX_NIFTY TOTAL MKT,STK_GSPL
IDX_NIFTY TOTAL MKT,STK_GULFOILLUB
IDX_NIFTY TOTAL MKT,STK_HEG
IDX_NIFTY TOTAL MKT,STK_HGINFRA
IDX_NIFTY TOTAL MKT,STK_HBLENGINE
IDX_NIFTY TOTAL MKT,STK_HCLTECH
IDX_NIFTY TOTAL MKT,STK_HDFCAMC
IDX_NIFTY TOTAL MKT,STK_HDFCBANK
IDX_NIFTY TOTAL MKT,STK_HDFCLIFE
IDX_NIFTY TOTAL MKT,STK_HFCL
IDX_NIFTY TOTAL MKT,STK_HAPPSTMNDS
IDX_NIFTY TOTAL MKT,STK_HAVELLS
IDX_NIFTY TOTAL MKT,STK_HCG
IDX_NIFTY TOTAL MKT,STK_HEMIPROP
IDX_NIFTY TOTAL MKT,STK_HERITGFOOD
IDX_NIFTY TOTAL MKT,STK_HEROMOTOCO
IDX_NIFTY TOTAL MKT,STK_HEXT
IDX_NIFTY TOTAL MKT,STK_HIKAL
IDX_NIFTY TOTAL MKT,STK_HSCL
IDX_NIFTY TOTAL MKT,STK_HINDALCO
IDX_NIFTY TOTAL MKT,STK_HAL
IDX_NIFTY TOTAL MKT,STK_HCC
IDX_NIFTY TOTAL MKT,STK_HINDCOPPER
IDX_NIFTY TOTAL MKT,STK_HINDPETRO
IDX_NIFTY TOTAL MKT,STK_HINDUNILVR
IDX_NIFTY TOTAL MKT,STK_HINDZINC
IDX_NIFTY TOTAL MKT,STK_POWERINDIA
IDX_NIFTY TOTAL MKT,STK_HOMEFIRST
IDX_NIFTY TOTAL MKT,STK_HONASA
IDX_NIFTY TOTAL MKT,STK_HONAUT
IDX_NIFTY TOTAL MKT,STK_HUDCO
IDX_NIFTY TOTAL MKT,STK_HYUNDAI
IDX_NIFTY TOTAL MKT,STK_ICICIBANK
IDX_NIFTY TOTAL MKT,STK_ICICIGI
IDX_NIFTY TOTAL MKT,STK_ICICIPRULI
IDX_NIFTY TOTAL MKT,STK_IDBI
IDX_NIFTY TOTAL MKT,STK_IDFCFIRSTB
IDX_NIFTY TOTAL MKT,STK_IFBIND
IDX_NIFTY TOTAL MKT,STK_IFCI
IDX_NIFTY TOTAL MKT,STK_IIFLCAPS
IDX_NIFTY TOTAL MKT,STK_IIFL
IDX_NIFTY TOTAL MKT,STK_INOXINDIA
IDX_NIFTY TOTAL MKT,STK_IRB
IDX_NIFTY TOTAL MKT,STK_IRCON
IDX_NIFTY TOTAL MKT,STK_ITCHOTELS
IDX_NIFTY TOTAL MKT,STK_ITC
IDX_NIFTY TOTAL MKT,STK_ITI
IDX_NIFTY TOTAL MKT,STK_IMAGICAA
IDX_NIFTY TOTAL MKT,STK_INDGN
IDX_NIFTY TOTAL MKT,STK_INDIACEM
IDX_NIFTY TOTAL MKT,STK_INDIAGLYCO
IDX_NIFTY TOTAL MKT,STK_INDIASHLTR
IDX_NIFTY TOTAL MKT,STK_INDIAMART
IDX_NIFTY TOTAL MKT,STK_INDIANB
IDX_NIFTY TOTAL MKT,STK_IEX
IDX_NIFTY TOTAL MKT,STK_INDHOTEL
IDX_NIFTY TOTAL MKT,STK_IMFA
IDX_NIFTY TOTAL MKT,STK_IOC
IDX_NIFTY TOTAL MKT,STK_IOB
IDX_NIFTY TOTAL MKT,STK_IRCTC
IDX_NIFTY TOTAL MKT,STK_IRFC
IDX_NIFTY TOTAL MKT,STK_IREDA
IDX_NIFTY TOTAL MKT,STK_INDIGOPNTS
IDX_NIFTY TOTAL MKT,STK_ICIL
IDX_NIFTY TOTAL MKT,STK_IGL
IDX_NIFTY TOTAL MKT,STK_INDUSTOWER
IDX_NIFTY TOTAL MKT,STK_INDUSINDBK
IDX_NIFTY TOTAL MKT,STK_INFIBEAM
IDX_NIFTY TOTAL MKT,STK_NAUKRI
IDX_NIFTY TOTAL MKT,STK_INFY
IDX_NIFTY TOTAL MKT,STK_INGERRAND
IDX_NIFTY TOTAL MKT,STK_INNOVACAP
IDX_NIFTY TOTAL MKT,STK_INOXGREEN
IDX_NIFTY TOTAL MKT,STK_INOXWIND
IDX_NIFTY TOTAL MKT,STK_INTELLECT
IDX_NIFTY TOTAL MKT,STK_INDIGO
IDX_NIFTY TOTAL MKT,STK_IGIL
IDX_NIFTY TOTAL MKT,STK_IKS
IDX_NIFTY TOTAL MKT,STK_IONEXCHANG
IDX_NIFTY TOTAL MKT,STK_IPCALAB
IDX_NIFTY TOTAL MKT,STK_ISGEC
IDX_NIFTY TOTAL MKT,STK_JBCHEPHARM
IDX_NIFTY TOTAL MKT,STK_JKCEMENT
IDX_NIFTY TOTAL MKT,STK_JKIL
IDX_NIFTY TOTAL MKT,STK_JBMA
IDX_NIFTY TOTAL MKT,STK_JKLAKSHMI
IDX_NIFTY TOTAL MKT,STK_JKPAPER
IDX_NIFTY TOTAL MKT,STK_JKTYRE
IDX_NIFTY TOTAL MKT,STK_JMFINANCIL
IDX_NIFTY TOTAL MKT,STK_JSWENERGY
IDX_NIFTY TOTAL MKT,STK_JSWINFRA
IDX_NIFTY TOTAL MKT,STK_JSWSTEEL
IDX_NIFTY TOTAL MKT,STK_JAIBALAJI
IDX_NIFTY TOTAL MKT,STK_JISLJALEQS
IDX_NIFTY TOTAL MKT,STK_JPPOWER
IDX_NIFTY TOTAL MKT,STK_J&KBANK
IDX_NIFTY TOTAL MKT,STK_JAMNAAUTO
IDX_NIFTY TOTAL MKT,STK_JSFB
IDX_NIFTY TOTAL MKT,STK_JINDALSAW
IDX_NIFTY TOTAL MKT,STK_JSL
IDX_NIFTY TOTAL MKT,STK_JINDALSTEL
IDX_NIFTY TOTAL MKT,STK_JINDWORLD
IDX_NIFTY TOTAL MKT,STK_JIOFIN
IDX_NIFTY TOTAL MKT,STK_JCHAC
IDX_NIFTY TOTAL MKT,STK_JUBLFOOD
IDX_NIFTY TOTAL MKT,STK_JUBLINGREA
IDX_NIFTY TOTAL MKT,STK_JUBLPHARMA
IDX_NIFTY TOTAL MKT,STK_JWL
IDX_NIFTY TOTAL MKT,STK_JUSTDIAL
IDX_NIFTY TOTAL MKT,STK_JYOTHYLAB
IDX_NIFTY TOTAL MKT,STK_JYOTICNC
IDX_NIFTY TOTAL MKT,STK_KPRMILL
IDX_NIFTY TOTAL MKT,STK_KEI
IDX_NIFTY TOTAL MKT,STK_KNRCON
IDX_NIFTY TOTAL MKT,STK_KPIGREEN
IDX_NIFTY TOTAL MKT,STK_KPITTECH
IDX_NIFTY TOTAL MKT,STK_KRBL
IDX_NIFTY TOTAL MKT,STK_KRN
IDX_NIFTY TOTAL MKT,STK_KSB
IDX_NIFTY TOTAL MKT,STK_KAJARIACER
IDX_NIFTY TOTAL MKT,STK_KPIL
IDX_NIFTY TOTAL MKT,STK_KALYANKJIL
IDX_NIFTY TOTAL MKT,STK_KSL
IDX_NIFTY TOTAL MKT,STK_KTKBANK
IDX_NIFTY TOTAL MKT,STK_KARURVYSYA
IDX_NIFTY TOTAL MKT,STK_KSCL
IDX_NIFTY TOTAL MKT,STK_KAYNES
IDX_NIFTY TOTAL MKT,STK_KEC
IDX_NIFTY TOTAL MKT,STK_KFINTECH
IDX_NIFTY TOTAL MKT,STK_KIRLOSBROS
IDX_NIFTY TOTAL MKT,STK_KIRLOSENG
IDX_NIFTY TOTAL MKT,STK_KIRLPNU
IDX_NIFTY TOTAL MKT,STK_KITEX
IDX_NIFTY TOTAL MKT,STK_KOTAKBANK
IDX_NIFTY TOTAL MKT,STK_KIMS
IDX_NIFTY TOTAL MKT,STK_LTF
IDX_NIFTY TOTAL MKT,STK_LTTS
IDX_NIFTY TOTAL MKT,STK_LICHSGFIN
IDX_NIFTY TOTAL MKT,STK_LMW
IDX_NIFTY TOTAL MKT,STK_LTFOODS
IDX_NIFTY TOTAL MKT,STK_LTIM
IDX_NIFTY TOTAL MKT,STK_LT
IDX_NIFTY TOTAL MKT,STK_LATENTVIEW
IDX_NIFTY TOTAL MKT,STK_LAURUSLABS
IDX_NIFTY TOTAL MKT,STK_LXCHEM
IDX_NIFTY TOTAL MKT,STK_IXIGO
IDX_NIFTY TOTAL MKT,STK_THELEELA
IDX_NIFTY TOTAL MKT,STK_LEMONTREE
IDX_NIFTY TOTAL MKT,STK_LICI
IDX_NIFTY TOTAL MKT,STK_LINDEINDIA
IDX_NIFTY TOTAL MKT,STK_LLOYDSENGG
IDX_NIFTY TOTAL MKT,STK_LLOYDSENT
IDX_NIFTY TOTAL MKT,STK_LLOYDSME
IDX_NIFTY TOTAL MKT,STK_LODHA
IDX_NIFTY TOTAL MKT,STK_LUMAXTECH
IDX_NIFTY TOTAL MKT,STK_LUPIN
IDX_NIFTY TOTAL MKT,STK_LUXIND
IDX_NIFTY TOTAL MKT,STK_MMTC
IDX_NIFTY TOTAL MKT,STK_MOIL
IDX_NIFTY TOTAL MKT,STK_MRF
IDX_NIFTY TOTAL MKT,STK_MSTCLTD
IDX_NIFTY TOTAL MKT,STK_MTARTECH
IDX_NIFTY TOTAL MKT,STK_MGL
IDX_NIFTY TOTAL MKT,STK_MAHSCOOTER
IDX_NIFTY TOTAL MKT,STK_MAHSEAMLES
IDX_NIFTY TOTAL MKT,STK_M&MFIN
IDX_NIFTY TOTAL MKT,STK_M&M
IDX_NIFTY TOTAL MKT,STK_MAHLIFE
IDX_NIFTY TOTAL MKT,STK_MANINFRA
IDX_NIFTY TOTAL MKT,STK_MANAPPURAM
IDX_NIFTY TOTAL MKT,STK_MRPL
IDX_NIFTY TOTAL MKT,STK_MANKIND
IDX_NIFTY TOTAL MKT,STK_MANORAMA
IDX_NIFTY TOTAL MKT,STK_MARICO
IDX_NIFTY TOTAL MKT,STK_MARKSANS
IDX_NIFTY TOTAL MKT,STK_MARUTI
IDX_NIFTY TOTAL MKT,STK_MASTEK
IDX_NIFTY TOTAL MKT,STK_MAXESTATES
IDX_NIFTY TOTAL MKT,STK_MFSL
IDX_NIFTY TOTAL MKT,STK_MAXHEALTH
IDX_NIFTY TOTAL MKT,STK_MAZDOCK
IDX_NIFTY TOTAL MKT,STK_MEDPLUS
IDX_NIFTY TOTAL MKT,STK_METROPOLIS
IDX_NIFTY TOTAL MKT,STK_MINDACORP
IDX_NIFTY TOTAL MKT,STK_MIDHANI
IDX_NIFTY TOTAL MKT,STK_MSUMI
IDX_NIFTY TOTAL MKT,STK_MOTILALOFS
IDX_NIFTY TOTAL MKT,STK_MPHASIS
IDX_NIFTY TOTAL MKT,STK_BECTORFOOD
IDX_NIFTY TOTAL MKT,STK_MCX
IDX_NIFTY TOTAL MKT,STK_MUTHOOTFIN
IDX_NIFTY TOTAL MKT,STK_NATCOPHARM
IDX_NIFTY TOTAL MKT,STK_NBCC
IDX_NIFTY TOTAL MKT,STK_NCC
IDX_NIFTY TOTAL MKT,STK_NEOGEN
IDX_NIFTY TOTAL MKT,STK_NESCO
IDX_NIFTY TOTAL MKT,STK_NHPC
IDX_NIFTY TOTAL MKT,STK_NLCINDIA
IDX_NIFTY TOTAL MKT,STK_NMDC
IDX_NIFTY TOTAL MKT,STK_NSLNISP
IDX_NIFTY TOTAL MKT,STK_NTPCGREEN
IDX_NIFTY TOTAL MKT,STK_NTPC
IDX_NIFTY TOTAL MKT,STK_NH
IDX_NIFTY TOTAL MKT,STK_NATIONALUM
IDX_NIFTY TOTAL MKT,STK_NFL
IDX_NIFTY TOTAL MKT,STK_NAVA
IDX_NIFTY TOTAL MKT,STK_NAVINFLUOR
IDX_NIFTY TOTAL MKT,STK_NAZARA
IDX_NIFTY TOTAL MKT,STK_NESTLEIND
IDX_NIFTY TOTAL MKT,STK_NETWEB
IDX_NIFTY TOTAL MKT,STK_NETWORK18
IDX_NIFTY TOTAL MKT,STK_NEULANDLAB
IDX_NIFTY TOTAL MKT,STK_NEWGEN
IDX_NIFTY TOTAL MKT,STK_NAM-INDIA
IDX_NIFTY TOTAL MKT,STK_NIVABUPA
IDX_NIFTY TOTAL MKT,STK_NUVAMA
IDX_NIFTY TOTAL MKT,STK_NUVOCO
IDX_NIFTY TOTAL MKT,STK_OBEROIRLTY
IDX_NIFTY TOTAL MKT,STK_ONGC
IDX_NIFTY TOTAL MKT,STK_OIL
IDX_NIFTY TOTAL MKT,STK_OLAELEC
IDX_NIFTY TOTAL MKT,STK_OLECTRA
IDX_NIFTY TOTAL MKT,STK_PAYTM
IDX_NIFTY TOTAL MKT,STK_ONESOURCE
IDX_NIFTY TOTAL MKT,STK_OPTIEMUS
IDX_NIFTY TOTAL MKT,STK_OFSS
IDX_NIFTY TOTAL MKT,STK_ORCHPHARMA
IDX_NIFTY TOTAL MKT,STK_ORIENTCEM
IDX_NIFTY TOTAL MKT,STK_OSWALPUMPS
IDX_NIFTY TOTAL MKT,STK_PNGJL
IDX_NIFTY TOTAL MKT,STK_POLICYBZR
IDX_NIFTY TOTAL MKT,STK_PCJEWELLER
IDX_NIFTY TOTAL MKT,STK_PCBL
IDX_NIFTY TOTAL MKT,STK_PGEL
IDX_NIFTY TOTAL MKT,STK_PIIND
IDX_NIFTY TOTAL MKT,STK_PNBHOUSING
IDX_NIFTY TOTAL MKT,STK_PNCINFRA
IDX_NIFTY TOTAL MKT,STK_PTC
IDX_NIFTY TOTAL MKT,STK_PTCIL
IDX_NIFTY TOTAL MKT,STK_PVRINOX
IDX_NIFTY TOTAL MKT,STK_PAGEIND
IDX_NIFTY TOTAL MKT,STK_PARADEEP
IDX_NIFTY TOTAL MKT,STK_PARAS
IDX_NIFTY TOTAL MKT,STK_PATANJALI
IDX_NIFTY TOTAL MKT,STK_PATELENG
IDX_NIFTY TOTAL MKT,STK_PGIL
IDX_NIFTY TOTAL MKT,STK_PERSISTENT
IDX_NIFTY TOTAL MKT,STK_PETRONET
IDX_NIFTY TOTAL MKT,STK_PFIZER
IDX_NIFTY TOTAL MKT,STK_PHOENIXLTD
IDX_NIFTY TOTAL MKT,STK_PIDILITIND
IDX_NIFTY TOTAL MKT,STK_PPLPHARMA
IDX_NIFTY TOTAL MKT,STK_POLYMED
IDX_NIFTY TOTAL MKT,STK_POLYCAB
IDX_NIFTY TOTAL MKT,STK_POLYPLEX
IDX_NIFTY TOTAL MKT,STK_POONAWALLA
IDX_NIFTY TOTAL MKT,STK_PFC
IDX_NIFTY TOTAL MKT,STK_POWERGRID
IDX_NIFTY TOTAL MKT,STK_POWERMECH
IDX_NIFTY TOTAL MKT,STK_PRAJIND
IDX_NIFTY TOTAL MKT,STK_PREMIERENE
IDX_NIFTY TOTAL MKT,STK_PRESTIGE
IDX_NIFTY TOTAL MKT,STK_PRICOLLTD
IDX_NIFTY TOTAL MKT,STK_PRINCEPIPE
IDX_NIFTY TOTAL MKT,STK_PRSMJOHNSN
IDX_NIFTY TOTAL MKT,STK_PRIVISCL
IDX_NIFTY TOTAL MKT,STK_PGHH
IDX_NIFTY TOTAL MKT,STK_PRUDENT
IDX_NIFTY TOTAL MKT,STK_PNB
IDX_NIFTY TOTAL MKT,STK_PURVA
IDX_NIFTY TOTAL MKT,STK_QUESS
IDX_NIFTY TOTAL MKT,STK_RRKABEL
IDX_NIFTY TOTAL MKT,STK_RBLBANK
IDX_NIFTY TOTAL MKT,STK_RECLTD
IDX_NIFTY TOTAL MKT,STK_RHIM
IDX_NIFTY TOTAL MKT,STK_RITES
IDX_NIFTY TOTAL MKT,STK_RADICO
IDX_NIFTY TOTAL MKT,STK_RVNL
IDX_NIFTY TOTAL MKT,STK_RAILTEL
IDX_NIFTY TOTAL MKT,STK_RAIN
IDX_NIFTY TOTAL MKT,STK_RAINBOW
IDX_NIFTY TOTAL MKT,STK_RAJESHEXPO
IDX_NIFTY TOTAL MKT,STK_RALLIS
IDX_NIFTY TOTAL MKT,STK_RKFORGE
IDX_NIFTY TOTAL MKT,STK_RCF
IDX_NIFTY TOTAL MKT,STK_RATEGAIN
IDX_NIFTY TOTAL MKT,STK_RATNAMANI
IDX_NIFTY TOTAL MKT,STK_RTNINDIA
IDX_NIFTY TOTAL MKT,STK_RTNPOWER
IDX_NIFTY TOTAL MKT,STK_RAYMONDLSL
IDX_NIFTY TOTAL MKT,STK_REDINGTON
IDX_NIFTY TOTAL MKT,STK_REFEX
IDX_NIFTY TOTAL MKT,STK_RELAXO
IDX_NIFTY TOTAL MKT,STK_RELIANCE
IDX_NIFTY TOTAL MKT,STK_RELINFRA
IDX_NIFTY TOTAL MKT,STK_RPOWER
IDX_NIFTY TOTAL MKT,STK_RELIGARE
IDX_NIFTY TOTAL MKT,STK_RBA
IDX_NIFTY TOTAL MKT,STK_ROUTE
IDX_NIFTY TOTAL MKT,STK_SBFC
IDX_NIFTY TOTAL MKT,STK_SBICARD
IDX_NIFTY TOTAL MKT,STK_SBILIFE
IDX_NIFTY TOTAL MKT,STK_SJVN
IDX_NIFTY TOTAL MKT,STK_SKFINDIA
IDX_NIFTY TOTAL MKT,STK_SKYGOLD
IDX_NIFTY TOTAL MKT,STK_SRF
IDX_NIFTY TOTAL MKT,STK_SAFARI
IDX_NIFTY TOTAL MKT,STK_SAGILITY
IDX_NIFTY TOTAL MKT,STK_SAILIFE
IDX_NIFTY TOTAL MKT,STK_SAMHI
IDX_NIFTY TOTAL MKT,STK_SAMMAANCAP
IDX_NIFTY TOTAL MKT,STK_MOTHERSON
IDX_NIFTY TOTAL MKT,STK_SANDUMA
IDX_NIFTY TOTAL MKT,STK_SANOFICONR
IDX_NIFTY TOTAL MKT,STK_SANOFI
IDX_NIFTY TOTAL MKT,STK_SANSERA
IDX_NIFTY TOTAL MKT,STK_SAPPHIRE
IDX_NIFTY TOTAL MKT,STK_SARDAEN
IDX_NIFTY TOTAL MKT,STK_SAREGAMA
IDX_NIFTY TOTAL MKT,STK_SCHAEFFLER
IDX_NIFTY TOTAL MKT,STK_SCHNEIDER
IDX_NIFTY TOTAL MKT,STK_SENCO
IDX_NIFTY TOTAL MKT,STK_SEQUENT
IDX_NIFTY TOTAL MKT,STK_SHAILY
IDX_NIFTY TOTAL MKT,STK_SHAKTIPUMP
IDX_NIFTY TOTAL MKT,STK_SHARDACROP
IDX_NIFTY TOTAL MKT,STK_SHARDAMOTR
IDX_NIFTY TOTAL MKT,STK_SHAREINDIA
IDX_NIFTY TOTAL MKT,STK_SFL
IDX_NIFTY TOTAL MKT,STK_SHILPAMED
IDX_NIFTY TOTAL MKT,STK_SCI
IDX_NIFTY TOTAL MKT,STK_SHREECEM
IDX_NIFTY TOTAL MKT,STK_RENUKA
IDX_NIFTY TOTAL MKT,STK_SHRIRAMFIN
IDX_NIFTY TOTAL MKT,STK_SHRIPISTON
IDX_NIFTY TOTAL MKT,STK_SHYAMMETL
IDX_NIFTY TOTAL MKT,STK_ENRIN
IDX_NIFTY TOTAL MKT,STK_SIEMENS
IDX_NIFTY TOTAL MKT,STK_SIGNATURE
IDX_NIFTY TOTAL MKT,STK_SKIPPER
IDX_NIFTY TOTAL MKT,STK_SOBHA
IDX_NIFTY TOTAL MKT,STK_SOLARINDS
IDX_NIFTY TOTAL MKT,STK_SONACOMS
IDX_NIFTY TOTAL MKT,STK_SONATSOFTW
IDX_NIFTY TOTAL MKT,STK_SOUTHBANK
IDX_NIFTY TOTAL MKT,STK_STARCEMENT
IDX_NIFTY TOTAL MKT,STK_STARHEALTH
IDX_NIFTY TOTAL MKT,STK_SBIN
IDX_NIFTY TOTAL MKT,STK_SAIL
IDX_NIFTY TOTAL MKT,STK_SWSOLAR
IDX_NIFTY TOTAL MKT,STK_STLTECH
IDX_NIFTY TOTAL MKT,STK_STAR
IDX_NIFTY TOTAL MKT,STK_STYRENIX
IDX_NIFTY TOTAL MKT,STK_SUBROS
IDX_NIFTY TOTAL MKT,STK_SUDARSCHEM
IDX_NIFTY TOTAL MKT,STK_SUMICHEM
IDX_NIFTY TOTAL MKT,STK_SPARC
IDX_NIFTY TOTAL MKT,STK_SUNPHARMA
IDX_NIFTY TOTAL MKT,STK_SUNTV
IDX_NIFTY TOTAL MKT,STK_SUNDARMFIN
IDX_NIFTY TOTAL MKT,STK_SUNDRMFAST
IDX_NIFTY TOTAL MKT,STK_SUNFLAG
IDX_NIFTY TOTAL MKT,STK_SUNTECK
IDX_NIFTY TOTAL MKT,STK_SUPREMEIND
IDX_NIFTY TOTAL MKT,STK_SUPRIYA
IDX_NIFTY TOTAL MKT,STK_SURYAROSNI
IDX_NIFTY TOTAL MKT,STK_SUZLON
IDX_NIFTY TOTAL MKT,STK_SWANCORP
IDX_NIFTY TOTAL MKT,STK_SWIGGY
IDX_NIFTY TOTAL MKT,STK_SYMPHONY
IDX_NIFTY TOTAL MKT,STK_SYNGENE
IDX_NIFTY TOTAL MKT,STK_SYRMA
IDX_NIFTY TOTAL MKT,STK_TARC
IDX_NIFTY TOTAL MKT,STK_TBOTEK
IDX_NIFTY TOTAL MKT,STK_TDPOWERSYS
IDX_NIFTY TOTAL MKT,STK_TSFINV
IDX_NIFTY TOTAL MKT,STK_TVSMOTOR
IDX_NIFTY TOTAL MKT,STK_TVSSCS
IDX_NIFTY TOTAL MKT,STK_TANLA
IDX_NIFTY TOTAL MKT,STK_TATACHEM
IDX_NIFTY TOTAL MKT,STK_TATACOMM
IDX_NIFTY TOTAL MKT,STK_TCS
IDX_NIFTY TOTAL MKT,STK_TATACONSUM
IDX_NIFTY TOTAL MKT,STK_TATAELXSI
IDX_NIFTY TOTAL MKT,STK_TATAINVEST
IDX_NIFTY TOTAL MKT,STK_TMPV
IDX_NIFTY TOTAL MKT,STK_TATAPOWER
IDX_NIFTY TOTAL MKT,STK_TATASTEEL
IDX_NIFTY TOTAL MKT,STK_TATATECH
IDX_NIFTY TOTAL MKT,STK_TTML
IDX_NIFTY TOTAL MKT,STK_TEAMLEASE
IDX_NIFTY TOTAL MKT,STK_TECHM
IDX_NIFTY TOTAL MKT,STK_TECHNOE
IDX_NIFTY TOTAL MKT,STK_TEGA
IDX_NIFTY TOTAL MKT,STK_TEJASNET
IDX_NIFTY TOTAL MKT,STK_TEXRAIL
IDX_NIFTY TOTAL MKT,STK_THANGAMAYL
IDX_NIFTY TOTAL MKT,STK_ANUP
IDX_NIFTY TOTAL MKT,STK_NIACL
IDX_NIFTY TOTAL MKT,STK_RAMCOCEM
IDX_NIFTY TOTAL MKT,STK_THERMAX
IDX_NIFTY TOTAL MKT,STK_THOMASCOOK
IDX_NIFTY TOTAL MKT,STK_THYROCARE
IDX_NIFTY TOTAL MKT,STK_TI
IDX_NIFTY TOTAL MKT,STK_TIMETECHNO
IDX_NIFTY TOTAL MKT,STK_TIMKEN
IDX_NIFTY TOTAL MKT,STK_TIPSMUSIC
IDX_NIFTY TOTAL MKT,STK_TITAGARH
IDX_NIFTY TOTAL MKT,STK_TITAN
IDX_NIFTY TOTAL MKT,STK_TORNTPHARM
IDX_NIFTY TOTAL MKT,STK_TORNTPOWER
IDX_NIFTY TOTAL MKT,STK_TARIL
IDX_NIFTY TOTAL MKT,STK_TRANSRAILL
IDX_NIFTY TOTAL MKT,STK_TRENT
IDX_NIFTY TOTAL MKT,STK_TRIDENT
IDX_NIFTY TOTAL MKT,STK_TRIVENI
IDX_NIFTY TOTAL MKT,STK_TRITURBINE
IDX_NIFTY TOTAL MKT,STK_TIINDIA
IDX_NIFTY TOTAL MKT,STK_UCOBANK
IDX_NIFTY TOTAL MKT,STK_UNOMINDA
IDX_NIFTY TOTAL MKT,STK_UPL
IDX_NIFTY TOTAL MKT,STK_UTIAMC
IDX_NIFTY TOTAL MKT,STK_UJJIVANSFB
IDX_NIFTY TOTAL MKT,STK_ULTRACEMCO
IDX_NIFTY TOTAL MKT,STK_UNIMECH
IDX_NIFTY TOTAL MKT,STK_UNIONBANK
IDX_NIFTY TOTAL MKT,STK_UBL
IDX_NIFTY TOTAL MKT,STK_UNITDSPR
IDX_NIFTY TOTAL MKT,STK_USHAMART
IDX_NIFTY TOTAL MKT,STK_VGUARD
IDX_NIFTY TOTAL MKT,STK_VMART
IDX_NIFTY TOTAL MKT,STK_VIPIND
IDX_NIFTY TOTAL MKT,STK_V2RETAIL
IDX_NIFTY TOTAL MKT,STK_VSTIND
IDX_NIFTY TOTAL MKT,STK_WABAG
IDX_NIFTY TOTAL MKT,STK_VAIBHAVGBL
IDX_NIFTY TOTAL MKT,STK_DBREALTY
IDX_NIFTY TOTAL MKT,STK_VTL
IDX_NIFTY TOTAL MKT,STK_VARROC
IDX_NIFTY TOTAL MKT,STK_VBL
IDX_NIFTY TOTAL MKT,STK_MANYAVAR
IDX_NIFTY TOTAL MKT,STK_VEDL
IDX_NIFTY TOTAL MKT,STK_VENTIVE
IDX_NIFTY TOTAL MKT,STK_VESUVIUS
IDX_NIFTY TOTAL MKT,STK_VIJAYA
IDX_NIFTY TOTAL MKT,STK_VINATIORGA
IDX_NIFTY TOTAL MKT,STK_VMM
IDX_NIFTY TOTAL MKT,STK_IDEA
IDX_NIFTY TOTAL MKT,STK_VOLTAMP
IDX_NIFTY TOTAL MKT,STK_VOLTAS
IDX_NIFTY TOTAL MKT,STK_WAAREEENER
IDX_NIFTY TOTAL MKT,STK_WAAREERTL
IDX_NIFTY TOTAL MKT,STK_WEBELSOLAR
IDX_NIFTY TOTAL MKT,STK_WELCORP
IDX_NIFTY TOTAL MKT,STK_WELENT
IDX_NIFTY TOTAL MKT,STK_WELSPUNLIV
IDX_NIFTY TOTAL MKT,STK_WESTLIFE
IDX_NIFTY TOTAL MKT,STK_WHIRLPOOL
IDX_NIFTY TOTAL MKT,STK_WIPRO
IDX_NIFTY TOTAL MKT,STK_WOCKPHARMA
IDX_NIFTY TOTAL MKT,STK_YATHARTH
IDX_NIFTY TOTAL MKT,STK_YESBANK
IDX_NIFTY TOTAL MKT,STK_ZFCVINDIA
IDX_NIFTY TOTAL MKT,STK_ZAGGLE
IDX_NIFTY TOTAL MKT,STK_ZEEL
IDX_NIFTY TOTAL MKT,STK_ZENTEC
IDX_NIFTY TOTAL MKT,STK_ZENSARTECH
IDX_NIFTY TOTAL MKT,STK_ZYDUSLIFE
IDX_NIFTY TOTAL MKT,STK_ZYDUSWELL
IDX_NIFTY TOTAL MKT,STK_ECLERX
IDX_NIFTY TOTAL MKT,STK_EMUDHRA
IDX_NIFTY AUTO,STK_ASHOKLEY
IDX_NIFTY AUTO,STK_BAJAJ-AUTO
IDX_NIFTY AUTO,STK_BHARATFORG
IDX_NIFTY AUTO,STK_BOSCHLTD
IDX_NIFTY AUTO,STK_EICHERMOT
IDX_NIFTY AUTO,STK_EXIDEIND
IDX_NIFTY AUTO,STK_HEROMOTOCO
IDX_NIFTY AUTO,STK_M&M
IDX_NIFTY AUTO,STK_MARUTI
IDX_NIFTY AUTO,STK_MOTHERSON
IDX_NIFTY AUTO,STK_SONACOMS
IDX_NIFTY AUTO,STK_TVSMOTOR
IDX_NIFTY AUTO,STK_TMPV
IDX_NIFTY AUTO,STK_TIINDIA
IDX_NIFTY AUTO,STK_UNOMINDA
IDX_NIFTY BANK,STK_AUBANK
IDX_NIFTY BANK,STK_AXISBANK
IDX_NIFTY BANK,STK_BANKBARODA
IDX_NIFTY BANK,STK_CANBK
IDX_NIFTY BANK,STK_FEDERALBNK
IDX_NIFTY BANK,STK_HDFCBANK
IDX_NIFTY BANK,STK_ICICIBANK
IDX_NIFTY BANK,STK_IDFCFIRSTB
IDX_NIFTY BANK,STK_INDUSINDBK
IDX_NIFTY BANK,STK_KOTAKBANK
IDX_NIFTY BANK,STK_PNB
IDX_NIFTY BANK,STK_SBIN
IDX_NIFTY IT,STK_COFORGE
IDX_NIFTY IT,STK_HCLTECH
IDX_NIFTY IT,STK_INFY
IDX_NIFTY IT,STK_LTIM
IDX_NIFTY IT,STK_MPHASIS
IDX_NIFTY IT,STK_OFSS
IDX_NIFTY IT,STK_PERSISTENT
IDX_NIFTY IT,STK_TCS
IDX_NIFTY IT,STK_TECHM
IDX_NIFTY IT,STK_WIPRO
IDX_NIFTY MEDIA,STK_NAZARA
IDX_NIFTY MEDIA,STK_NETWORK18
IDX_NIFTY MEDIA,STK_PVRINOX
IDX_NIFTY MEDIA,STK_SAREGAMA
IDX_NIFTY MEDIA,STK_SUNTV
IDX_NIFTY MEDIA,STK_TIPSMUSIC
IDX_NIFTY MEDIA,STK_ZEEL
IDX_NIFTY METAL,STK_APLAPOLLO
IDX_NIFTY METAL,STK_ADANIENT
IDX_NIFTY METAL,STK_HINDALCO
IDX_NIFTY METAL,STK_HINDCOPPER
IDX_NIFTY METAL,STK_HINDZINC
IDX_NIFTY METAL,STK_JSWSTEEL
IDX_NIFTY METAL,STK_JSL
IDX_NIFTY METAL,STK_JINDALSTEL
IDX_NIFTY METAL,STK_LLOYDSME
IDX_NIFTY METAL,STK_NMDC
IDX_NIFTY METAL,STK_NATIONALUM
IDX_NIFTY METAL,STK_SAIL
IDX_NIFTY METAL,STK_TATASTEEL
IDX_NIFTY METAL,STK_VEDL
IDX_NIFTY METAL,STK_WELCORP
IDX_NIFTY NEXT 50,STK_ABB
IDX_NIFTY NEXT 50,STK_ADANIENSOL
IDX_NIFTY NEXT 50,STK_ADANIGREEN
IDX_NIFTY NEXT 50,STK_ADANIPOWER
IDX_NIFTY NEXT 50,STK_AMBUJACEM
IDX_NIFTY NEXT 50,STK_DMART
IDX_NIFTY NEXT 50,STK_BAJAJHLDNG
IDX_NIFTY NEXT 50,STK_BAJAJHFL
IDX_NIFTY NEXT 50,STK_BANKBARODA
IDX_NIFTY NEXT 50,STK_BPCL
IDX_NIFTY NEXT 50,STK_BOSCHLTD
IDX_NIFTY NEXT 50,STK_BRITANNIA
IDX_NIFTY NEXT 50,STK_CGPOWER
IDX_NIFTY NEXT 50,STK_CANBK
IDX_NIFTY NEXT 50,STK_CHOLAFIN
IDX_NIFTY NEXT 50,STK_DLF
IDX_NIFTY NEXT 50,STK_DIVISLAB
IDX_NIFTY NEXT 50,STK_GAIL
IDX_NIFTY NEXT 50,STK_GODREJCP
IDX_NIFTY NEXT 50,STK_HAVELLS
IDX_NIFTY NEXT 50,STK_HAL
IDX_NIFTY NEXT 50,STK_HINDZINC
IDX_NIFTY NEXT 50,STK_HYUNDAI
IDX_NIFTY NEXT 50,STK_ICICIGI
IDX_NIFTY NEXT 50,STK_INDHOTEL
IDX_NIFTY NEXT 50,STK_IOC
IDX_NIFTY NEXT 50,STK_IRFC
IDX_NIFTY NEXT 50,STK_NAUKRI
IDX_NIFTY NEXT 50,STK_JSWENERGY
IDX_NIFTY NEXT 50,STK_JINDALSTEL
IDX_NIFTY NEXT 50,STK_LTIM
IDX_NIFTY NEXT 50,STK_LICI
IDX_NIFTY NEXT 50,STK_LODHA
IDX_NIFTY NEXT 50,STK_MAZDOCK
IDX_NIFTY NEXT 50,STK_PIDILITIND
IDX_NIFTY NEXT 50,STK_PFC
IDX_NIFTY NEXT 50,STK_PNB
IDX_NIFTY NEXT 50,STK_RECLTD
IDX_NIFTY NEXT 50,STK_MOTHERSON
IDX_NIFTY NEXT 50,STK_SHREECEM
IDX_NIFTY NEXT 50,STK_ENRIN
IDX_NIFTY NEXT 50,STK_SIEMENS
IDX_NIFTY NEXT 50,STK_SOLARINDS
IDX_NIFTY NEXT 50,STK_TVSMOTOR
IDX_NIFTY NEXT 50,STK_TATAPOWER
IDX_NIFTY NEXT 50,STK_TORNTPHARM
IDX_NIFTY NEXT 50,STK_UNITDSPR
IDX_NIFTY NEXT 50,STK_VBL
IDX_NIFTY NEXT 50,STK_VEDL
IDX_NIFTY NEXT 50,STK_ZYDUSLIFE
IDX_NIFTY 100,STK_CHOLAFIN
IDX_NIFTY 100,STK_SHRIRAMFIN
IDX_NIFTY 100,STK_SBIN
IDX_NIFTY 100,STK_BAJAJFINSV
IDX_NIFTY 100,STK_ADANIENT
IDX_NIFTY 100,STK_MARUTI
IDX_NIFTY 100,STK_PNB
IDX_NIFTY 100,STK_BAJFINANCE
IDX_NIFTY 100,STK_HCLTECH
IDX_NIFTY 100,STK_UNITDSPR
IDX_NIFTY 100,STK_DLF
IDX_NIFTY 100,STK_BRITANNIA
IDX_NIFTY 100,STK_MAXHEALTH
IDX_NIFTY 100,STK_EICHERMOT
IDX_NIFTY 100,STK_HINDALCO
IDX_NIFTY 100,STK_LT
IDX_NIFTY 100,STK_BANKBARODA
IDX_NIFTY 100,STK_JSWSTEEL
IDX_NIFTY 100,STK_BPCL
IDX_NIFTY 100,STK_TATACONSUM
IDX_NIFTY 100,STK_HDFCLIFE
IDX_NIFTY 100,STK_DMART
IDX_NIFTY 100,STK_INFY
IDX_NIFTY 100,STK_M&M
IDX_NIFTY 100,STK_WIPRO
IDX_NIFTY 100,STK_KOTAKBANK
IDX_NIFTY 100,STK_ADANIPOWER
IDX_NIFTY 100,STK_SBILIFE
IDX_NIFTY 100,STK_CANBK
IDX_NIFTY 100,STK_ADANIENSOL
IDX_NIFTY 100,STK_JSWENERGY
IDX_NIFTY 100,STK_BAJAJHLDNG
IDX_NIFTY 100,STK_GRASIM
IDX_NIFTY 100,STK_RELIANCE
IDX_NIFTY 100,STK_TVSMOTOR
IDX_NIFTY 100,STK_JIOFIN
IDX_NIFTY 100,STK_LTIM
IDX_NIFTY 100,STK_ADANIGREEN
IDX_NIFTY 100,STK_TECHM
IDX_NIFTY 100,STK_ICICIBANK
IDX_NIFTY 100,STK_HDFCBANK
IDX_NIFTY 100,STK_IOC
IDX_NIFTY 100,STK_ITC
IDX_NIFTY 100,STK_GODREJCP
IDX_NIFTY 100,STK_TCS
IDX_NIFTY 100,STK_TATASTEEL
IDX_NIFTY 100,STK_ADANIPORTS
IDX_NIFTY 100,STK_NESTLEIND
IDX_NIFTY 100,STK_RECLTD
IDX_NIFTY 100,STK_TITAN
IDX_NIFTY 100,STK_PFC
IDX_NIFTY 100,STK_POWERGRID
IDX_NIFTY 100,STK_BHARTIARTL
IDX_NIFTY 100,STK_BAJAJ-AUTO
IDX_NIFTY 100,STK_DIVISLAB
IDX_NIFTY 100,STK_CGPOWER
IDX_NIFTY 100,STK_COALINDIA
IDX_NIFTY 100,STK_HAVELLS
IDX_NIFTY 100,STK_INDHOTEL
IDX_NIFTY 100,STK_HINDZINC
IDX_NIFTY 100,STK_JINDALSTEL
IDX_NIFTY 100,STK_NTPC
IDX_NIFTY 100,STK_ASIANPAINT
IDX_NIFTY 100,STK_AXISBANK
IDX_NIFTY 100,STK_ABB
IDX_NIFTY 100,STK_BOSCHLTD
IDX_NIFTY 100,STK_ENRIN
IDX_NIFTY 100,STK_IRFC
IDX_NIFTY 100,STK_CIPLA
IDX_NIFTY 100,STK_VBL
IDX_NIFTY 100,STK_APOLLOHOSP
IDX_NIFTY 100,STK_BEL
IDX_NIFTY 100,STK_ULTRACEMCO
IDX_NIFTY 100,STK_TATAPOWER
IDX_NIFTY 100,STK_LODHA
IDX_NIFTY 100,STK_DRREDDY
IDX_NIFTY 100,STK_ONGC
IDX_NIFTY 100,STK_ZYDUSLIFE
IDX_NIFTY 100,STK_AMBUJACEM
IDX_NIFTY 100,STK_GAIL
IDX_NIFTY 100,STK_ICICIGI
IDX_NIFTY 100,STK_TORNTPHARM
IDX_NIFTY 100,STK_LICI
IDX_NIFTY 100,STK_NAUKRI
IDX_NIFTY 100,STK_PIDILITIND
IDX_NIFTY 100,STK_TMPV
IDX_NIFTY 100,STK_MOTHERSON
IDX_NIFTY 100,STK_BAJAJHFL
IDX_NIFTY 100,STK_SUNPHARMA
IDX_NIFTY 100,STK_SOLARINDS
IDX_NIFTY 100,STK_TRENT
IDX_NIFTY 100,STK_MAZDOCK
IDX_NIFTY 100,STK_VEDL
IDX_NIFTY 100,STK_HAL
IDX_NIFTY 100,STK_SIEMENS
IDX_NIFTY 100,STK_INDIGO
IDX_NIFTY 100,STK_SHREECEM
IDX_NIFTY 100,STK_ETERNAL
IDX_NIFTY 100,STK_HYUNDAI
IDX_NIFTY 100,STK_HINDUNILVR
IDX_NIFTY 200,STK_M&MFIN
IDX_NIFTY 200,STK_PATANJALI
IDX_NIFTY 200,STK_SBICARD
IDX_NIFTY 200,STK_INDUSTOWER
IDX_NIFTY 200,STK_CHOLAFIN
IDX_NIFTY 200,STK_LTF
IDX_NIFTY 200,STK_SHRIRAMFIN
IDX_NIFTY 200,STK_MARICO
IDX_NIFTY 200,STK_ABCAPITAL
IDX_NIFTY 200,STK_SBIN
IDX_NIFTY 200,STK_MUTHOOTFIN
IDX_NIFTY 200,STK_POLICYBZR
IDX_NIFTY 200,STK_BAJAJFINSV
IDX_NIFTY 200,STK_SUZLON
IDX_NIFTY 200,STK_ADANIENT
IDX_NIFTY 200,STK_PRESTIGE
IDX_NIFTY 200,STK_MARUTI
IDX_NIFTY 200,STK_BSE
IDX_NIFTY 200,STK_PNB
IDX_NIFTY 200,STK_BAJFINANCE
IDX_NIFTY 200,STK_SRF
IDX_NIFTY 200,STK_360ONE
IDX_NIFTY 200,STK_HCLTECH
IDX_NIFTY 200,STK_UNITDSPR
IDX_NIFTY 200,STK_DLF
IDX_NIFTY 200,STK_PAYTM
IDX_NIFTY 200,STK_BRITANNIA
IDX_NIFTY 200,STK_NATIONALUM
IDX_NIFTY 200,STK_MAXHEALTH
IDX_NIFTY 200,STK_EICHERMOT
IDX_NIFTY 200,STK_HINDALCO
IDX_NIFTY 200,STK_LT
IDX_NIFTY 200,STK_BANKBARODA
IDX_NIFTY 200,STK_MPHASIS
IDX_NIFTY 200,STK_JSWSTEEL
IDX_NIFTY 200,STK_AUBANK
IDX_NIFTY 200,STK_BPCL
IDX_NIFTY 200,STK_IDFCFIRSTB
IDX_NIFTY 200,STK_ASTRAL
IDX_NIFTY 200,STK_HUDCO
IDX_NIFTY 200,STK_TATACONSUM
IDX_NIFTY 200,STK_COLPAL
IDX_NIFTY 200,STK_HDFCLIFE
IDX_NIFTY 200,STK_DMART
IDX_NIFTY 200,STK_BANKINDIA
IDX_NIFTY 200,STK_PERSISTENT
IDX_NIFTY 200,STK_INFY
IDX_NIFTY 200,STK_M&M
IDX_NIFTY 200,STK_WIPRO
IDX_NIFTY 200,STK_OIL
IDX_NIFTY 200,STK_KOTAKBANK
IDX_NIFTY 200,STK_BIOCON
IDX_NIFTY 200,STK_IDEA
IDX_NIFTY 200,STK_ADANIPOWER
IDX_NIFTY 200,STK_SBILIFE
IDX_NIFTY 200,STK_INDUSINDBK
IDX_NIFTY 200,STK_CANBK
IDX_NIFTY 200,STK_BHEL
IDX_NIFTY 200,STK_GMRAIRPORT
IDX_NIFTY 200,STK_ADANIENSOL
IDX_NIFTY 200,STK_JSWENERGY
IDX_NIFTY 200,STK_SUPREMEIND
IDX_NIFTY 200,STK_INDIANB
IDX_NIFTY 200,STK_BHARATFORG
IDX_NIFTY 200,STK_BAJAJHLDNG
IDX_NIFTY 200,STK_GRASIM
IDX_NIFTY 200,STK_RELIANCE
IDX_NIFTY 200,STK_TVSMOTOR
IDX_NIFTY 200,STK_DIXON
IDX_NIFTY 200,STK_JIOFIN
IDX_NIFTY 200,STK_NMDC
IDX_NIFTY 200,STK_LTIM
IDX_NIFTY 200,STK_KALYANKJIL
IDX_NIFTY 200,STK_DABUR
IDX_NIFTY 200,STK_UPL
IDX_NIFTY 200,STK_ADANIGREEN
IDX_NIFTY 200,STK_ALKEM
IDX_NIFTY 200,STK_TECHM
IDX_NIFTY 200,STK_ICICIBANK
IDX_NIFTY 200,STK_UNIONBANK
IDX_NIFTY 200,STK_HDFCBANK
IDX_NIFTY 200,STK_IOC
IDX_NIFTY 200,STK_ITC
IDX_NIFTY 200,STK_GODREJCP
IDX_NIFTY 200,STK_TCS
IDX_NIFTY 200,STK_TATASTEEL
IDX_NIFTY 200,STK_ASHOKLEY
IDX_NIFTY 200,STK_ADANIPORTS
IDX_NIFTY 200,STK_NESTLEIND
IDX_NIFTY 200,STK_COFORGE
IDX_NIFTY 200,STK_RECLTD
IDX_NIFTY 200,STK_TITAN
IDX_NIFTY 200,STK_PFC
IDX_NIFTY 200,STK_POWERGRID
IDX_NIFTY 200,STK_JUBLFOOD
IDX_NIFTY 200,STK_BHARTIARTL
IDX_NIFTY 200,STK_HINDPETRO
IDX_NIFTY 200,STK_BAJAJ-AUTO
IDX_NIFTY 200,STK_DIVISLAB
IDX_NIFTY 200,STK_CGPOWER
IDX_NIFTY 200,STK_COALINDIA
IDX_NIFTY 200,STK_COCHINSHIP
IDX_NIFTY 200,STK_OFSS
IDX_NIFTY 200,STK_HAVELLS
IDX_NIFTY 200,STK_INDHOTEL
IDX_NIFTY 200,STK_HINDZINC
IDX_NIFTY 200,STK_JINDALSTEL
IDX_NIFTY 200,STK_SAIL
IDX_NIFTY 200,STK_NHPC
IDX_NIFTY 200,STK_NTPC
IDX_NIFTY 200,STK_FEDERALBNK
IDX_NIFTY 200,STK_IRCTC
IDX_NIFTY 200,STK_ASIANPAINT
IDX_NIFTY 200,STK_MFSL
IDX_NIFTY 200,STK_AXISBANK
IDX_NIFTY 200,STK_GODREJPROP
IDX_NIFTY 200,STK_ABB
IDX_NIFTY 200,STK_NTPCGREEN
IDX_NIFTY 200,STK_HEROMOTOCO
IDX_NIFTY 200,STK_TATAELXSI
IDX_NIFTY 200,STK_BOSCHLTD
IDX_NIFTY 200,STK_ATGL
IDX_NIFTY 200,STK_ENRIN
IDX_NIFTY 200,STK_CUMMINSIND
IDX_NIFTY 200,STK_PAGEIND
IDX_NIFTY 200,STK_IRFC
IDX_NIFTY 200,STK_CIPLA
IDX_NIFTY 200,STK_VBL
IDX_NIFTY 200,STK_MANKIND
IDX_NIFTY 200,STK_APOLLOHOSP
IDX_NIFTY 200,STK_EXIDEIND
IDX_NIFTY 200,STK_LUPIN
IDX_NIFTY 200,STK_BEL
IDX_NIFTY 200,STK_ULTRACEMCO
IDX_NIFTY 200,STK_TATAPOWER
IDX_NIFTY 200,STK_LODHA
IDX_NIFTY 200,STK_DRREDDY
IDX_NIFTY 200,STK_ONGC
IDX_NIFTY 200,STK_APLAPOLLO
IDX_NIFTY 200,STK_RVNL
IDX_NIFTY 200,STK_NYKAA
IDX_NIFTY 200,STK_VOLTAS
IDX_NIFTY 200,STK_OBEROIRLTY
IDX_NIFTY 200,STK_ZYDUSLIFE
IDX_NIFTY 200,STK_MRF
IDX_NIFTY 200,STK_AMBUJACEM
IDX_NIFTY 200,STK_GAIL
IDX_NIFTY 200,STK_BHARTIHEXA
IDX_NIFTY 200,STK_FORTIS
IDX_NIFTY 200,STK_ICICIGI
IDX_NIFTY 200,STK_CONCOR
IDX_NIFTY 200,STK_PIIND
IDX_NIFTY 200,STK_AUROPHARMA
IDX_NIFTY 200,STK_TORNTPHARM
IDX_NIFTY 200,STK_PHOENIXLTD
IDX_NIFTY 200,STK_LICHSGFIN
IDX_NIFTY 200,STK_KPITTECH
IDX_NIFTY 200,STK_VMM
IDX_NIFTY 200,STK_LICI
IDX_NIFTY 200,STK_NAUKRI
IDX_NIFTY 200,STK_HDFCAMC
IDX_NIFTY 200,STK_PIDILITIND
IDX_NIFTY 200,STK_YESBANK
IDX_NIFTY 200,STK_TMPV
IDX_NIFTY 200,STK_MOTHERSON
IDX_NIFTY 200,STK_BAJAJHFL
IDX_NIFTY 200,STK_KEI
IDX_NIFTY 200,STK_IRB
IDX_NIFTY 200,STK_SUNPHARMA
IDX_NIFTY 200,STK_TATACOMM
IDX_NIFTY 200,STK_TORNTPOWER
IDX_NIFTY 200,STK_COROMANDEL
IDX_NIFTY 200,STK_SOLARINDS
IDX_NIFTY 200,STK_GLENMARK
IDX_NIFTY 200,STK_ACC
IDX_NIFTY 200,STK_TRENT
IDX_NIFTY 200,STK_MAZDOCK
IDX_NIFTY 200,STK_IGL
IDX_NIFTY 200,STK_ITCHOTELS
IDX_NIFTY 200,STK_BLUESTARCO
IDX_NIFTY 200,STK_VEDL
IDX_NIFTY 200,STK_POLYCAB
IDX_NIFTY 200,STK_HAL
IDX_NIFTY 200,STK_BDL
IDX_NIFTY 200,STK_TIINDIA
IDX_NIFTY 200,STK_TATATECH
IDX_NIFTY 200,STK_SIEMENS
IDX_NIFTY 200,STK_INDIGO
IDX_NIFTY 200,STK_SONACOMS
IDX_NIFTY 200,STK_SHREECEM
IDX_NIFTY 200,STK_ETERNAL
IDX_NIFTY 200,STK_GODFRYPHLP
IDX_NIFTY 200,STK_SWIGGY
IDX_NIFTY 200,STK_IREDA
IDX_NIFTY 200,STK_HYUNDAI
IDX_NIFTY 200,STK_MOTILALOFS
IDX_NIFTY 200,STK_HINDUNILVR
IDX_NIFTY 200,STK_POWERINDIA
IDX_NIFTY 200,STK_WAAREEENER
IDX_NIFTY 200,STK_PREMIERENE
IDX_NIFTY MIDCAP 50,STK_APLAPOLLO
IDX_NIFTY MIDCAP 50,STK_AUBANK
IDX_NIFTY MIDCAP 50,STK_ASHOKLEY
IDX_NIFTY MIDCAP 50,STK_AUROPHARMA
IDX_NIFTY MIDCAP 50,STK_BSE
IDX_NIFTY MIDCAP 50,STK_BHARATFORG
IDX_NIFTY MIDCAP 50,STK_BHEL
IDX_NIFTY MIDCAP 50,STK_COFORGE
IDX_NIFTY MIDCAP 50,STK_COLPAL
IDX_NIFTY MIDCAP 50,STK_CUMMINSIND
IDX_NIFTY MIDCAP 50,STK_DABUR
IDX_NIFTY MIDCAP 50,STK_DIXON
IDX_NIFTY MIDCAP 50,STK_FEDERALBNK
IDX_NIFTY MIDCAP 50,STK_FORTIS
IDX_NIFTY MIDCAP 50,STK_GMRAIRPORT
IDX_NIFTY MIDCAP 50,STK_GODREJPROP
IDX_NIFTY MIDCAP 50,STK_HDFCAMC
IDX_NIFTY MIDCAP 50,STK_HEROMOTOCO
IDX_NIFTY MIDCAP 50,STK_HINDPETRO
IDX_NIFTY MIDCAP 50,STK_IDFCFIRSTB
IDX_NIFTY MIDCAP 50,STK_IRCTC
IDX_NIFTY MIDCAP 50,STK_INDUSTOWER
IDX_NIFTY MIDCAP 50,STK_INDUSINDBK
IDX_NIFTY MIDCAP 50,STK_JUBLFOOD
IDX_NIFTY MIDCAP 50,STK_LUPIN
IDX_NIFTY MIDCAP 50,STK_MANKIND
IDX_NIFTY MIDCAP 50,STK_MARICO
IDX_NIFTY MIDCAP 50,STK_MFSL
IDX_NIFTY MIDCAP 50,STK_MPHASIS
IDX_NIFTY MIDCAP 50,STK_MUTHOOTFIN
IDX_NIFTY MIDCAP 50,STK_NHPC
IDX_NIFTY MIDCAP 50,STK_NMDC
IDX_NIFTY MIDCAP 50,STK_OBEROIRLTY
IDX_NIFTY MIDCAP 50,STK_OIL
IDX_NIFTY MIDCAP 50,STK_PAYTM
IDX_NIFTY MIDCAP 50,STK_OFSS
IDX_NIFTY MIDCAP 50,STK_POLICYBZR
IDX_NIFTY MIDCAP 50,STK_PIIND
IDX_NIFTY MIDCAP 50,STK_PAGEIND
IDX_NIFTY MIDCAP 50,STK_PERSISTENT
IDX_NIFTY MIDCAP 50,STK_PHOENIXLTD
IDX_NIFTY MIDCAP 50,STK_POLYCAB
IDX_NIFTY MIDCAP 50,STK_PRESTIGE
IDX_NIFTY MIDCAP 50,STK_SBICARD
IDX_NIFTY MIDCAP 50,STK_SRF
IDX_NIFTY MIDCAP 50,STK_SUPREMEIND
IDX_NIFTY MIDCAP 50,STK_SUZLON
IDX_NIFTY MIDCAP 50,STK_TIINDIA
IDX_NIFTY MIDCAP 50,STK_UPL
IDX_NIFTY MIDCAP 50,STK_YESBANK
IDX_NIFTY MIDCAP 100,STK_360ONE
IDX_NIFTY MIDCAP 100,STK_ACC
IDX_NIFTY MIDCAP 100,STK_APLAPOLLO
IDX_NIFTY MIDCAP 100,STK_AUBANK
IDX_NIFTY MIDCAP 100,STK_ATGL
IDX_NIFTY MIDCAP 100,STK_ABCAPITAL
IDX_NIFTY MIDCAP 100,STK_ALKEM
IDX_NIFTY MIDCAP 100,STK_ASHOKLEY
IDX_NIFTY MIDCAP 100,STK_ASTRAL
IDX_NIFTY MIDCAP 100,STK_AUROPHARMA
IDX_NIFTY MIDCAP 100,STK_BSE
IDX_NIFTY MIDCAP 100,STK_BANKINDIA
IDX_NIFTY MIDCAP 100,STK_BDL
IDX_NIFTY MIDCAP 100,STK_BHARATFORG
IDX_NIFTY MIDCAP 100,STK_BHEL
IDX_NIFTY MIDCAP 100,STK_BHARTIHEXA
IDX_NIFTY MIDCAP 100,STK_BIOCON
IDX_NIFTY MIDCAP 100,STK_BLUESTARCO
IDX_NIFTY MIDCAP 100,STK_COCHINSHIP
IDX_NIFTY MIDCAP 100,STK_COFORGE
IDX_NIFTY MIDCAP 100,STK_COLPAL
IDX_NIFTY MIDCAP 100,STK_CONCOR
IDX_NIFTY MIDCAP 100,STK_COROMANDEL
IDX_NIFTY MIDCAP 100,STK_CUMMINSIND
IDX_NIFTY MIDCAP 100,STK_DABUR
IDX_NIFTY MIDCAP 100,STK_DIXON
IDX_NIFTY MIDCAP 100,STK_EXIDEIND
IDX_NIFTY MIDCAP 100,STK_NYKAA
IDX_NIFTY MIDCAP 100,STK_FEDERALBNK
IDX_NIFTY MIDCAP 100,STK_FORTIS
IDX_NIFTY MIDCAP 100,STK_GMRAIRPORT
IDX_NIFTY MIDCAP 100,STK_GLENMARK
IDX_NIFTY MIDCAP 100,STK_GODFRYPHLP
IDX_NIFTY MIDCAP 100,STK_GODREJPROP
IDX_NIFTY MIDCAP 100,STK_HDFCAMC
IDX_NIFTY MIDCAP 100,STK_HEROMOTOCO
IDX_NIFTY MIDCAP 100,STK_HINDPETRO
IDX_NIFTY MIDCAP 100,STK_POWERINDIA
IDX_NIFTY MIDCAP 100,STK_HUDCO
IDX_NIFTY MIDCAP 100,STK_IDFCFIRSTB
IDX_NIFTY MIDCAP 100,STK_IRB
IDX_NIFTY MIDCAP 100,STK_ITCHOTELS
IDX_NIFTY MIDCAP 100,STK_INDIANB
IDX_NIFTY MIDCAP 100,STK_IRCTC
IDX_NIFTY MIDCAP 100,STK_IREDA
IDX_NIFTY MIDCAP 100,STK_IGL
IDX_NIFTY MIDCAP 100,STK_INDUSTOWER
IDX_NIFTY MIDCAP 100,STK_INDUSINDBK
IDX_NIFTY MIDCAP 100,STK_JUBLFOOD
IDX_NIFTY MIDCAP 100,STK_KEI
IDX_NIFTY MIDCAP 100,STK_KPITTECH
IDX_NIFTY MIDCAP 100,STK_KALYANKJIL
IDX_NIFTY MIDCAP 100,STK_LTF
IDX_NIFTY MIDCAP 100,STK_LICHSGFIN
IDX_NIFTY MIDCAP 100,STK_LUPIN
IDX_NIFTY MIDCAP 100,STK_MRF
IDX_NIFTY MIDCAP 100,STK_M&MFIN
IDX_NIFTY MIDCAP 100,STK_MANKIND
IDX_NIFTY MIDCAP 100,STK_MARICO
IDX_NIFTY MIDCAP 100,STK_MFSL
IDX_NIFTY MIDCAP 100,STK_MOTILALOFS
IDX_NIFTY MIDCAP 100,STK_MPHASIS
IDX_NIFTY MIDCAP 100,STK_MUTHOOTFIN
IDX_NIFTY MIDCAP 100,STK_NHPC
IDX_NIFTY MIDCAP 100,STK_NMDC
IDX_NIFTY MIDCAP 100,STK_NTPCGREEN
IDX_NIFTY MIDCAP 100,STK_NATIONALUM
IDX_NIFTY MIDCAP 100,STK_OBEROIRLTY
IDX_NIFTY MIDCAP 100,STK_OIL
IDX_NIFTY MIDCAP 100,STK_PAYTM
IDX_NIFTY MIDCAP 100,STK_OFSS
IDX_NIFTY MIDCAP 100,STK_POLICYBZR
IDX_NIFTY MIDCAP 100,STK_PIIND
IDX_NIFTY MIDCAP 100,STK_PAGEIND
IDX_NIFTY MIDCAP 100,STK_PATANJALI
IDX_NIFTY MIDCAP 100,STK_PERSISTENT
IDX_NIFTY MIDCAP 100,STK_PHOENIXLTD
IDX_NIFTY MIDCAP 100,STK_POLYCAB
IDX_NIFTY MIDCAP 100,STK_PREMIERENE
IDX_NIFTY MIDCAP 100,STK_PRESTIGE
IDX_NIFTY MIDCAP 100,STK_RVNL
IDX_NIFTY MIDCAP 100,STK_SBICARD
IDX_NIFTY MIDCAP 100,STK_SRF
IDX_NIFTY MIDCAP 100,STK_SONACOMS
IDX_NIFTY MIDCAP 100,STK_SAIL
IDX_NIFTY MIDCAP 100,STK_SUPREMEIND
IDX_NIFTY MIDCAP 100,STK_SUZLON
IDX_NIFTY MIDCAP 100,STK_SWIGGY
IDX_NIFTY MIDCAP 100,STK_TATACOMM
IDX_NIFTY MIDCAP 100,STK_TATAELXSI
IDX_NIFTY MIDCAP 100,STK_TATATECH
IDX_NIFTY MIDCAP 100,STK_TORNTPOWER
IDX_NIFTY MIDCAP 100,STK_TIINDIA
IDX_NIFTY MIDCAP 100,STK_UPL
IDX_NIFTY MIDCAP 100,STK_UNIONBANK
IDX_NIFTY MIDCAP 100,STK_VMM
IDX_NIFTY MIDCAP 100,STK_IDEA
IDX_NIFTY MIDCAP 100,STK_VOLTAS
IDX_NIFTY MIDCAP 100,STK_WAAREEENER
IDX_NIFTY MIDCAP 100,STK_YESBANK
IDX_NIFTY SMLCAP 50,STK_AARTIIND
IDX_NIFTY SMLCAP 50,STK_ABREL
IDX_NIFTY SMLCAP 50,STK_AEGISLOG
IDX_NIFTY SMLCAP 50,STK_AFFLE
IDX_NIFTY SMLCAP 50,STK_ARE&M
IDX_NIFTY SMLCAP 50,STK_AMBER
IDX_NIFTY SMLCAP 50,STK_ANGELONE
IDX_NIFTY SMLCAP 50,STK_ASTERDM
IDX_NIFTY SMLCAP 50,STK_BANDHANBNK
IDX_NIFTY SMLCAP 50,STK_CESC
IDX_NIFTY SMLCAP 50,STK_CASTROLIND
IDX_NIFTY SMLCAP 50,STK_CDSL
IDX_NIFTY SMLCAP 50,STK_CHOLAHLDNG
IDX_NIFTY SMLCAP 50,STK_CAMS
IDX_NIFTY SMLCAP 50,STK_CROMPTON
IDX_NIFTY SMLCAP 50,STK_CYIENT
IDX_NIFTY SMLCAP 50,STK_DELHIVERY
IDX_NIFTY SMLCAP 50,STK_LALPATHLAB
IDX_NIFTY SMLCAP 50,STK_FSL
IDX_NIFTY SMLCAP 50,STK_FIVESTAR
IDX_NIFTY SMLCAP 50,STK_GLAND
IDX_NIFTY SMLCAP 50,STK_HSCL
IDX_NIFTY SMLCAP 50,STK_IIFL
IDX_NIFTY SMLCAP 50,STK_IEX
IDX_NIFTY SMLCAP 50,STK_INOXWIND
IDX_NIFTY SMLCAP 50,STK_JBCHEPHARM
IDX_NIFTY SMLCAP 50,STK_KARURVYSYA
IDX_NIFTY SMLCAP 50,STK_KAYNES
IDX_NIFTY SMLCAP 50,STK_KEC
IDX_NIFTY SMLCAP 50,STK_KFINTECH
IDX_NIFTY SMLCAP 50,STK_LAURUSLABS
IDX_NIFTY SMLCAP 50,STK_MANAPPURAM
IDX_NIFTY SMLCAP 50,STK_MCX
IDX_NIFTY SMLCAP 50,STK_NATCOPHARM
IDX_NIFTY SMLCAP 50,STK_NBCC
IDX_NIFTY SMLCAP 50,STK_NH
IDX_NIFTY SMLCAP 50,STK_NAVINFLUOR
IDX_NIFTY SMLCAP 50,STK_NEULANDLAB
IDX_NIFTY SMLCAP 50,STK_PGEL
IDX_NIFTY SMLCAP 50,STK_PNBHOUSING
IDX_NIFTY SMLCAP 50,STK_PPLPHARMA
IDX_NIFTY SMLCAP 50,STK_POONAWALLA
IDX_NIFTY SMLCAP 50,STK_RADICO
IDX_NIFTY SMLCAP 50,STK_REDINGTON
IDX_NIFTY SMLCAP 50,STK_RPOWER
IDX_NIFTY SMLCAP 50,STK_TATACHEM
IDX_NIFTY SMLCAP 50,STK_RAMCOCEM
IDX_NIFTY SMLCAP 50,STK_WELCORP
IDX_NIFTY SMLCAP 50,STK_WOCKPHARMA
IDX_NIFTY SMLCAP 50,STK_ZENSARTECH
IDX_NIFTY 500,STK_360ONE
IDX_NIFTY 500,STK_3MINDIA
IDX_NIFTY 500,STK_ABB
IDX_NIFTY 500,STK_ACC
IDX_NIFTY 500,STK_ACMESOLAR
IDX_NIFTY 500,STK_AIAENG
IDX_NIFTY 500,STK_APLAPOLLO
IDX_NIFTY 500,STK_AUBANK
IDX_NIFTY 500,STK_AWL
IDX_NIFTY 500,STK_AADHARHFC
IDX_NIFTY 500,STK_AARTIIND
IDX_NIFTY 500,STK_AAVAS
IDX_NIFTY 500,STK_ABBOTINDIA
IDX_NIFTY 500,STK_ACE
IDX_NIFTY 500,STK_ADANIENSOL
IDX_NIFTY 500,STK_ADANIENT
IDX_NIFTY 500,STK_ADANIGREEN
IDX_NIFTY 500,STK_ADANIPORTS
IDX_NIFTY 500,STK_ADANIPOWER
IDX_NIFTY 500,STK_ATGL
IDX_NIFTY 500,STK_ABCAPITAL
IDX_NIFTY 500,STK_ABFRL
IDX_NIFTY 500,STK_ABLBL
IDX_NIFTY 500,STK_ABREL
IDX_NIFTY 500,STK_ABSLAMC
IDX_NIFTY 500,STK_AEGISLOG
IDX_NIFTY 500,STK_AEGISVOPAK
IDX_NIFTY 500,STK_AFCONS
IDX_NIFTY 500,STK_AFFLE
IDX_NIFTY 500,STK_AJANTPHARM
IDX_NIFTY 500,STK_AKUMS
IDX_NIFTY 500,STK_AKZOINDIA
IDX_NIFTY 500,STK_APLLTD
IDX_NIFTY 500,STK_ALKEM
IDX_NIFTY 500,STK_ALKYLAMINE
IDX_NIFTY 500,STK_ALOKINDS
IDX_NIFTY 500,STK_ARE&M
IDX_NIFTY 500,STK_AMBER
IDX_NIFTY 500,STK_AMBUJACEM
IDX_NIFTY 500,STK_ANANDRATHI
IDX_NIFTY 500,STK_ANANTRAJ
IDX_NIFTY 500,STK_ANGELONE
IDX_NIFTY 500,STK_APARINDS
IDX_NIFTY 500,STK_APOLLOHOSP
IDX_NIFTY 500,STK_APOLLOTYRE
IDX_NIFTY 500,STK_APTUS
IDX_NIFTY 500,STK_ASAHIINDIA
IDX_NIFTY 500,STK_ASHOKLEY
IDX_NIFTY 500,STK_ASIANPAINT
IDX_NIFTY 500,STK_ASTERDM
IDX_NIFTY 500,STK_ASTRAZEN
IDX_NIFTY 500,STK_ASTRAL
IDX_NIFTY 500,STK_ATHERENERG
IDX_NIFTY 500,STK_ATUL
IDX_NIFTY 500,STK_AUROPHARMA
IDX_NIFTY 500,STK_AIIL
IDX_NIFTY 500,STK_DMART
IDX_NIFTY 500,STK_AXISBANK
IDX_NIFTY 500,STK_BASF
IDX_NIFTY 500,STK_BEML
IDX_NIFTY 500,STK_BLS
IDX_NIFTY 500,STK_BSE
IDX_NIFTY 500,STK_BAJAJ-AUTO
IDX_NIFTY 500,STK_BAJFINANCE
IDX_NIFTY 500,STK_BAJAJFINSV
IDX_NIFTY 500,STK_BAJAJHLDNG
IDX_NIFTY 500,STK_BAJAJHFL
IDX_NIFTY 500,STK_BALKRISIND
IDX_NIFTY 500,STK_BALRAMCHIN
IDX_NIFTY 500,STK_BANDHANBNK
IDX_NIFTY 500,STK_BANKBARODA
IDX_NIFTY 500,STK_BANKINDIA
IDX_NIFTY 500,STK_MAHABANK
IDX_NIFTY 500,STK_BATAINDIA
IDX_NIFTY 500,STK_BAYERCROP
IDX_NIFTY 500,STK_BERGEPAINT
IDX_NIFTY 500,STK_BDL
IDX_NIFTY 500,STK_BEL
IDX_NIFTY 500,STK_BHARATFORG
IDX_NIFTY 500,STK_BHEL
IDX_NIFTY 500,STK_BPCL
IDX_NIFTY 500,STK_BHARTIARTL
IDX_NIFTY 500,STK_BHARTIHEXA
IDX_NIFTY 500,STK_BIKAJI
IDX_NIFTY 500,STK_BIOCON
IDX_NIFTY 500,STK_BSOFT
IDX_NIFTY 500,STK_BLUEDART
IDX_NIFTY 500,STK_BLUEJET
IDX_NIFTY 500,STK_BLUESTARCO
IDX_NIFTY 500,STK_BBTC
IDX_NIFTY 500,STK_BOSCHLTD
IDX_NIFTY 500,STK_FIRSTCRY
IDX_NIFTY 500,STK_BRIGADE
IDX_NIFTY 500,STK_BRITANNIA
IDX_NIFTY 500,STK_MAPMYINDIA
IDX_NIFTY 500,STK_CCL
IDX_NIFTY 500,STK_CESC
IDX_NIFTY 500,STK_CGPOWER
IDX_NIFTY 500,STK_CRISIL
IDX_NIFTY 500,STK_CAMPUS
IDX_NIFTY 500,STK_CANFINHOME
IDX_NIFTY 500,STK_CANBK
IDX_NIFTY 500,STK_CAPLIPOINT
IDX_NIFTY 500,STK_CGCL
IDX_NIFTY 500,STK_CARBORUNIV
IDX_NIFTY 500,STK_CASTROLIND
IDX_NIFTY 500,STK_CEATLTD
IDX_NIFTY 500,STK_CENTRALBK
IDX_NIFTY 500,STK_CDSL
IDX_NIFTY 500,STK_CENTURYPLY
IDX_NIFTY 500,STK_CERA
IDX_NIFTY 500,STK_CHALET
IDX_NIFTY 500,STK_CHAMBLFERT
IDX_NIFTY 500,STK_CHENNPETRO
IDX_NIFTY 500,STK_CHOICEIN
IDX_NIFTY 500,STK_CHOLAHLDNG
IDX_NIFTY 500,STK_CHOLAFIN
IDX_NIFTY 500,STK_CIPLA
IDX_NIFTY 500,STK_CUB
IDX_NIFTY 500,STK_CLEAN
IDX_NIFTY 500,STK_COALINDIA
IDX_NIFTY 500,STK_COCHINSHIP
IDX_NIFTY 500,STK_COFORGE
IDX_NIFTY 500,STK_COHANCE
IDX_NIFTY 500,STK_COLPAL
IDX_NIFTY 500,STK_CAMS
IDX_NIFTY 500,STK_CONCORDBIO
IDX_NIFTY 500,STK_CONCOR
IDX_NIFTY 500,STK_COROMANDEL
IDX_NIFTY 500,STK_CRAFTSMAN
IDX_NIFTY 500,STK_CREDITACC
IDX_NIFTY 500,STK_CROMPTON
IDX_NIFTY 500,STK_CUMMINSIND
IDX_NIFTY 500,STK_CYIENT
IDX_NIFTY 500,STK_DCMSHRIRAM
IDX_NIFTY 500,STK_DLF
IDX_NIFTY 500,STK_DOMS
IDX_NIFTY 500,STK_DABUR
IDX_NIFTY 500,STK_DALBHARAT
IDX_NIFTY 500,STK_DATAPATTNS
IDX_NIFTY 500,STK_DEEPAKFERT
IDX_NIFTY 500,STK_DEEPAKNTR
IDX_NIFTY 500,STK_DELHIVERY
IDX_NIFTY 500,STK_DEVYANI
IDX_NIFTY 500,STK_DIVISLAB
IDX_NIFTY 500,STK_DIXON
IDX_NIFTY 500,STK_AGARWALEYE
IDX_NIFTY 500,STK_LALPATHLAB
IDX_NIFTY 500,STK_DRREDDY
IDX_NIFTY 500,STK_EIDPARRY
IDX_NIFTY 500,STK_EIHOTEL
IDX_NIFTY 500,STK_EICHERMOT
IDX_NIFTY 500,STK_ELECON
IDX_NIFTY 500,STK_ELGIEQUIP
IDX_NIFTY 500,STK_EMAMILTD
IDX_NIFTY 500,STK_EMCURE
IDX_NIFTY 500,STK_ENDURANCE
IDX_NIFTY 500,STK_ENGINERSIN
IDX_NIFTY 500,STK_ERIS
IDX_NIFTY 500,STK_ESCORTS
IDX_NIFTY 500,STK_ETERNAL
IDX_NIFTY 500,STK_EXIDEIND
IDX_NIFTY 500,STK_NYKAA
IDX_NIFTY 500,STK_FEDERALBNK
IDX_NIFTY 500,STK_FACT
IDX_NIFTY 500,STK_FINCABLES
IDX_NIFTY 500,STK_FINPIPE
IDX_NIFTY 500,STK_FSL
IDX_NIFTY 500,STK_FIVESTAR
IDX_NIFTY 500,STK_FORCEMOT
IDX_NIFTY 500,STK_FORTIS
IDX_NIFTY 500,STK_GAIL
IDX_NIFTY 500,STK_GVT&D
IDX_NIFTY 500,STK_GMRAIRPORT
IDX_NIFTY 500,STK_GRSE
IDX_NIFTY 500,STK_GICRE
IDX_NIFTY 500,STK_GILLETTE
IDX_NIFTY 500,STK_GLAND
IDX_NIFTY 500,STK_GLAXO
IDX_NIFTY 500,STK_GLENMARK
IDX_NIFTY 500,STK_MEDANTA
IDX_NIFTY 500,STK_GODIGIT
IDX_NIFTY 500,STK_GPIL
IDX_NIFTY 500,STK_GODFRYPHLP
IDX_NIFTY 500,STK_GODREJAGRO
IDX_NIFTY 500,STK_GODREJCP
IDX_NIFTY 500,STK_GODREJIND
IDX_NIFTY 500,STK_GODREJPROP
IDX_NIFTY 500,STK_GRANULES
IDX_NIFTY 500,STK_GRAPHITE
IDX_NIFTY 500,STK_GRASIM
IDX_NIFTY 500,STK_GRAVITA
IDX_NIFTY 500,STK_GESHIP
IDX_NIFTY 500,STK_FLUOROCHEM
IDX_NIFTY 500,STK_GUJGASLTD
IDX_NIFTY 500,STK_GMDCLTD
IDX_NIFTY 500,STK_GSPL
IDX_NIFTY 500,STK_HEG
IDX_NIFTY 500,STK_HBLENGINE
IDX_NIFTY 500,STK_HCLTECH
IDX_NIFTY 500,STK_HDFCAMC
IDX_NIFTY 500,STK_HDFCBANK
IDX_NIFTY 500,STK_HDFCLIFE
IDX_NIFTY 500,STK_HFCL
IDX_NIFTY 500,STK_HAPPSTMNDS
IDX_NIFTY 500,STK_HAVELLS
IDX_NIFTY 500,STK_HEROMOTOCO
IDX_NIFTY 500,STK_HEXT
IDX_NIFTY 500,STK_HSCL
IDX_NIFTY 500,STK_HINDALCO
IDX_NIFTY 500,STK_HAL
IDX_NIFTY 500,STK_HINDCOPPER
IDX_NIFTY 500,STK_HINDPETRO
IDX_NIFTY 500,STK_HINDUNILVR
IDX_NIFTY 500,STK_HINDZINC
IDX_NIFTY 500,STK_POWERINDIA
IDX_NIFTY 500,STK_HOMEFIRST
IDX_NIFTY 500,STK_HONASA
IDX_NIFTY 500,STK_HONAUT
IDX_NIFTY 500,STK_HUDCO
IDX_NIFTY 500,STK_HYUNDAI
IDX_NIFTY 500,STK_ICICIBANK
IDX_NIFTY 500,STK_ICICIGI
IDX_NIFTY 500,STK_ICICIPRULI
IDX_NIFTY 500,STK_IDBI
IDX_NIFTY 500,STK_IDFCFIRSTB
IDX_NIFTY 500,STK_IFCI
IDX_NIFTY 500,STK_IIFL
IDX_NIFTY 500,STK_INOXINDIA
IDX_NIFTY 500,STK_IRB
IDX_NIFTY 500,STK_IRCON
IDX_NIFTY 500,STK_ITCHOTELS
IDX_NIFTY 500,STK_ITC
IDX_NIFTY 500,STK_ITI
IDX_NIFTY 500,STK_INDGN
IDX_NIFTY 500,STK_INDIACEM
IDX_NIFTY 500,STK_INDIAMART
IDX_NIFTY 500,STK_INDIANB
IDX_NIFTY 500,STK_IEX
IDX_NIFTY 500,STK_INDHOTEL
IDX_NIFTY 500,STK_IOC
IDX_NIFTY 500,STK_IOB
IDX_NIFTY 500,STK_IRCTC
IDX_NIFTY 500,STK_IRFC
IDX_NIFTY 500,STK_IREDA
IDX_NIFTY 500,STK_IGL
IDX_NIFTY 500,STK_INDUSTOWER
IDX_NIFTY 500,STK_INDUSINDBK
IDX_NIFTY 500,STK_NAUKRI
IDX_NIFTY 500,STK_INFY
IDX_NIFTY 500,STK_INOXWIND
IDX_NIFTY 500,STK_INTELLECT
IDX_NIFTY 500,STK_INDIGO
IDX_NIFTY 500,STK_IGIL
IDX_NIFTY 500,STK_IKS
IDX_NIFTY 500,STK_IPCALAB
IDX_NIFTY 500,STK_JBCHEPHARM
IDX_NIFTY 500,STK_JKCEMENT
IDX_NIFTY 500,STK_JBMA
IDX_NIFTY 500,STK_JKTYRE
IDX_NIFTY 500,STK_JMFINANCIL
IDX_NIFTY 500,STK_JSWENERGY
IDX_NIFTY 500,STK_JSWINFRA
IDX_NIFTY 500,STK_JSWSTEEL
IDX_NIFTY 500,STK_JPPOWER
IDX_NIFTY 500,STK_J&KBANK
IDX_NIFTY 500,STK_JINDALSAW
IDX_NIFTY 500,STK_JSL
IDX_NIFTY 500,STK_JINDALSTEL
IDX_NIFTY 500,STK_JIOFIN
IDX_NIFTY 500,STK_JUBLFOOD
IDX_NIFTY 500,STK_JUBLINGREA
IDX_NIFTY 500,STK_JUBLPHARMA
IDX_NIFTY 500,STK_JWL
IDX_NIFTY 500,STK_JYOTHYLAB
IDX_NIFTY 500,STK_JYOTICNC
IDX_NIFTY 500,STK_KPRMILL
IDX_NIFTY 500,STK_KEI
IDX_NIFTY 500,STK_KPITTECH
IDX_NIFTY 500,STK_KSB
IDX_NIFTY 500,STK_KAJARIACER
IDX_NIFTY 500,STK_KPIL
IDX_NIFTY 500,STK_KALYANKJIL
IDX_NIFTY 500,STK_KARURVYSYA
IDX_NIFTY 500,STK_KAYNES
IDX_NIFTY 500,STK_KEC
IDX_NIFTY 500,STK_KFINTECH
IDX_NIFTY 500,STK_KIRLOSBROS
IDX_NIFTY 500,STK_KIRLOSENG
IDX_NIFTY 500,STK_KOTAKBANK
IDX_NIFTY 500,STK_KIMS
IDX_NIFTY 500,STK_LTF
IDX_NIFTY 500,STK_LTTS
IDX_NIFTY 500,STK_LICHSGFIN
IDX_NIFTY 500,STK_LTFOODS
IDX_NIFTY 500,STK_LTIM
IDX_NIFTY 500,STK_LT
IDX_NIFTY 500,STK_LATENTVIEW
IDX_NIFTY 500,STK_LAURUSLABS
IDX_NIFTY 500,STK_THELEELA
IDX_NIFTY 500,STK_LEMONTREE
IDX_NIFTY 500,STK_LICI
IDX_NIFTY 500,STK_LINDEINDIA
IDX_NIFTY 500,STK_LLOYDSME
IDX_NIFTY 500,STK_LODHA
IDX_NIFTY 500,STK_LUPIN
IDX_NIFTY 500,STK_MMTC
IDX_NIFTY 500,STK_MRF
IDX_NIFTY 500,STK_MGL
IDX_NIFTY 500,STK_MAHSCOOTER
IDX_NIFTY 500,STK_MAHSEAMLES
IDX_NIFTY 500,STK_M&MFIN
IDX_NIFTY 500,STK_M&M
IDX_NIFTY 500,STK_MANAPPURAM
IDX_NIFTY 500,STK_MRPL
IDX_NIFTY 500,STK_MANKIND
IDX_NIFTY 500,STK_MARICO
IDX_NIFTY 500,STK_MARUTI
IDX_NIFTY 500,STK_MFSL
IDX_NIFTY 500,STK_MAXHEALTH
IDX_NIFTY 500,STK_MAZDOCK
IDX_NIFTY 500,STK_METROPOLIS
IDX_NIFTY 500,STK_MINDACORP
IDX_NIFTY 500,STK_MSUMI
IDX_NIFTY 500,STK_MOTILALOFS
IDX_NIFTY 500,STK_MPHASIS
IDX_NIFTY 500,STK_MCX
IDX_NIFTY 500,STK_MUTHOOTFIN
IDX_NIFTY 500,STK_NATCOPHARM
IDX_NIFTY 500,STK_NBCC
IDX_NIFTY 500,STK_NCC
IDX_NIFTY 500,STK_NHPC
IDX_NIFTY 500,STK_NLCINDIA
IDX_NIFTY 500,STK_NMDC
IDX_NIFTY 500,STK_NSLNISP
IDX_NIFTY 500,STK_NTPCGREEN
IDX_NIFTY 500,STK_NTPC
IDX_NIFTY 500,STK_NH
IDX_NIFTY 500,STK_NATIONALUM
IDX_NIFTY 500,STK_NAVA
IDX_NIFTY 500,STK_NAVINFLUOR
IDX_NIFTY 500,STK_NESTLEIND
IDX_NIFTY 500,STK_NETWEB
IDX_NIFTY 500,STK_NEULANDLAB
IDX_NIFTY 500,STK_NEWGEN
IDX_NIFTY 500,STK_NAM-INDIA
IDX_NIFTY 500,STK_NIVABUPA
IDX_NIFTY 500,STK_NUVAMA
IDX_NIFTY 500,STK_NUVOCO
IDX_NIFTY 500,STK_OBEROIRLTY
IDX_NIFTY 500,STK_ONGC
IDX_NIFTY 500,STK_OIL
IDX_NIFTY 500,STK_OLAELEC
IDX_NIFTY 500,STK_OLECTRA
IDX_NIFTY 500,STK_PAYTM
IDX_NIFTY 500,STK_ONESOURCE
IDX_NIFTY 500,STK_OFSS
IDX_NIFTY 500,STK_POLICYBZR
IDX_NIFTY 500,STK_PCBL
IDX_NIFTY 500,STK_PGEL
IDX_NIFTY 500,STK_PIIND
IDX_NIFTY 500,STK_PNBHOUSING
IDX_NIFTY 500,STK_PTCIL
IDX_NIFTY 500,STK_PVRINOX
IDX_NIFTY 500,STK_PAGEIND
IDX_NIFTY 500,STK_PATANJALI
IDX_NIFTY 500,STK_PERSISTENT
IDX_NIFTY 500,STK_PETRONET
IDX_NIFTY 500,STK_PFIZER
IDX_NIFTY 500,STK_PHOENIXLTD
IDX_NIFTY 500,STK_PIDILITIND
IDX_NIFTY 500,STK_PPLPHARMA
IDX_NIFTY 500,STK_POLYMED
IDX_NIFTY 500,STK_POLYCAB
IDX_NIFTY 500,STK_POONAWALLA
IDX_NIFTY 500,STK_PFC
IDX_NIFTY 500,STK_POWERGRID
IDX_NIFTY 500,STK_PRAJIND
IDX_NIFTY 500,STK_PREMIERENE
IDX_NIFTY 500,STK_PRESTIGE
IDX_NIFTY 500,STK_PGHH
IDX_NIFTY 500,STK_PNB
IDX_NIFTY 500,STK_RRKABEL
IDX_NIFTY 500,STK_RBLBANK
IDX_NIFTY 500,STK_RECLTD
IDX_NIFTY 500,STK_RHIM
IDX_NIFTY 500,STK_RITES
IDX_NIFTY 500,STK_RADICO
IDX_NIFTY 500,STK_RVNL
IDX_NIFTY 500,STK_RAILTEL
IDX_NIFTY 500,STK_RAINBOW
IDX_NIFTY 500,STK_RKFORGE
IDX_NIFTY 500,STK_RCF
IDX_NIFTY 500,STK_REDINGTON
IDX_NIFTY 500,STK_RELIANCE
IDX_NIFTY 500,STK_RELINFRA
IDX_NIFTY 500,STK_RPOWER
IDX_NIFTY 500,STK_SBFC
IDX_NIFTY 500,STK_SBICARD
IDX_NIFTY 500,STK_SBILIFE
IDX_NIFTY 500,STK_SJVN
IDX_NIFTY 500,STK_SKFINDIA
IDX_NIFTY 500,STK_SRF
IDX_NIFTY 500,STK_SAGILITY
IDX_NIFTY 500,STK_SAILIFE
IDX_NIFTY 500,STK_SAMMAANCAP
IDX_NIFTY 500,STK_MOTHERSON
IDX_NIFTY 500,STK_SAPPHIRE
IDX_NIFTY 500,STK_SARDAEN
IDX_NIFTY 500,STK_SAREGAMA
IDX_NIFTY 500,STK_SCHAEFFLER
IDX_NIFTY 500,STK_SCHNEIDER
IDX_NIFTY 500,STK_SCI
IDX_NIFTY 500,STK_SHREECEM
IDX_NIFTY 500,STK_SHRIRAMFIN
IDX_NIFTY 500,STK_SHYAMMETL
IDX_NIFTY 500,STK_ENRIN
IDX_NIFTY 500,STK_SIEMENS
IDX_NIFTY 500,STK_SIGNATURE
IDX_NIFTY 500,STK_SOBHA
IDX_NIFTY 500,STK_SOLARINDS
IDX_NIFTY 500,STK_SONACOMS
IDX_NIFTY 500,STK_SONATSOFTW
IDX_NIFTY 500,STK_STARHEALTH
IDX_NIFTY 500,STK_SBIN
IDX_NIFTY 500,STK_SAIL
IDX_NIFTY 500,STK_SUMICHEM
IDX_NIFTY 500,STK_SUNPHARMA
IDX_NIFTY 500,STK_SUNTV
IDX_NIFTY 500,STK_SUNDARMFIN
IDX_NIFTY 500,STK_SUNDRMFAST
IDX_NIFTY 500,STK_SUPREMEIND
IDX_NIFTY 500,STK_SUZLON
IDX_NIFTY 500,STK_SWANCORP
IDX_NIFTY 500,STK_SWIGGY
IDX_NIFTY 500,STK_SYNGENE
IDX_NIFTY 500,STK_SYRMA
IDX_NIFTY 500,STK_TBOTEK
IDX_NIFTY 500,STK_TVSMOTOR
IDX_NIFTY 500,STK_TATACHEM
IDX_NIFTY 500,STK_TATACOMM
IDX_NIFTY 500,STK_TCS
IDX_NIFTY 500,STK_TATACONSUM
IDX_NIFTY 500,STK_TATAELXSI
IDX_NIFTY 500,STK_TATAINVEST
IDX_NIFTY 500,STK_TMPV
IDX_NIFTY 500,STK_TATAPOWER
IDX_NIFTY 500,STK_TATASTEEL
IDX_NIFTY 500,STK_TATATECH
IDX_NIFTY 500,STK_TTML
IDX_NIFTY 500,STK_TECHM
IDX_NIFTY 500,STK_TECHNOE
IDX_NIFTY 500,STK_TEJASNET
IDX_NIFTY 500,STK_NIACL
IDX_NIFTY 500,STK_RAMCOCEM
IDX_NIFTY 500,STK_THERMAX
IDX_NIFTY 500,STK_TIMKEN
IDX_NIFTY 500,STK_TITAGARH
IDX_NIFTY 500,STK_TITAN
IDX_NIFTY 500,STK_TORNTPHARM
IDX_NIFTY 500,STK_TORNTPOWER
IDX_NIFTY 500,STK_TARIL
IDX_NIFTY 500,STK_TRENT
IDX_NIFTY 500,STK_TRIDENT
IDX_NIFTY 500,STK_TRIVENI
IDX_NIFTY 500,STK_TRITURBINE
IDX_NIFTY 500,STK_TIINDIA
IDX_NIFTY 500,STK_UCOBANK
IDX_NIFTY 500,STK_UNOMINDA
IDX_NIFTY 500,STK_UPL
IDX_NIFTY 500,STK_UTIAMC
IDX_NIFTY 500,STK_ULTRACEMCO
IDX_NIFTY 500,STK_UNIONBANK
IDX_NIFTY 500,STK_UBL
IDX_NIFTY 500,STK_UNITDSPR
IDX_NIFTY 500,STK_USHAMART
IDX_NIFTY 500,STK_VGUARD
IDX_NIFTY 500,STK_DBREALTY
IDX_NIFTY 500,STK_VTL
IDX_NIFTY 500,STK_VBL
IDX_NIFTY 500,STK_MANYAVAR
IDX_NIFTY 500,STK_VEDL
IDX_NIFTY 500,STK_VENTIVE
IDX_NIFTY 500,STK_VIJAYA
IDX_NIFTY 500,STK_VMM
IDX_NIFTY 500,STK_IDEA
IDX_NIFTY 500,STK_VOLTAS
IDX_NIFTY 500,STK_WAAREEENER
IDX_NIFTY 500,STK_WELCORP
IDX_NIFTY 500,STK_WELSPUNLIV
IDX_NIFTY 500,STK_WHIRLPOOL
IDX_NIFTY 500,STK_WIPRO
IDX_NIFTY 500,STK_WOCKPHARMA
IDX_NIFTY 500,STK_YESBANK
IDX_NIFTY 500,STK_ZFCVINDIA
IDX_NIFTY 500,STK_ZEEL
IDX_NIFTY 500,STK_ZENTEC
IDX_NIFTY 500,STK_ZENSARTECH
IDX_NIFTY 500,STK_ZYDUSLIFE
IDX_NIFTY 500,STK_ECLERX
IDX_NIFTY SMLCAP 250,STK_ACMESOLAR
IDX_NIFTY SMLCAP 250,STK_AADHARHFC
IDX_NIFTY SMLCAP 250,STK_AARTIIND
IDX_NIFTY SMLCAP 250,STK_AAVAS
IDX_NIFTY SMLCAP 250,STK_ACE
IDX_NIFTY SMLCAP 250,STK_ABFRL
IDX_NIFTY SMLCAP 250,STK_ABLBL
IDX_NIFTY SMLCAP 250,STK_ABREL
IDX_NIFTY SMLCAP 250,STK_ABSLAMC
IDX_NIFTY SMLCAP 250,STK_AEGISLOG
IDX_NIFTY SMLCAP 250,STK_AEGISVOPAK
IDX_NIFTY SMLCAP 250,STK_AFCONS
IDX_NIFTY SMLCAP 250,STK_AFFLE
IDX_NIFTY SMLCAP 250,STK_AKUMS
IDX_NIFTY SMLCAP 250,STK_AKZOINDIA
IDX_NIFTY SMLCAP 250,STK_APLLTD
IDX_NIFTY SMLCAP 250,STK_ALKYLAMINE
IDX_NIFTY SMLCAP 250,STK_ALOKINDS
IDX_NIFTY SMLCAP 250,STK_ARE&M
IDX_NIFTY SMLCAP 250,STK_AMBER
IDX_NIFTY SMLCAP 250,STK_ANANDRATHI
IDX_NIFTY SMLCAP 250,STK_ANANTRAJ
IDX_NIFTY SMLCAP 250,STK_ANGELONE
IDX_NIFTY SMLCAP 250,STK_APTUS
IDX_NIFTY SMLCAP 250,STK_ASAHIINDIA
IDX_NIFTY SMLCAP 250,STK_ASTERDM
IDX_NIFTY SMLCAP 250,STK_ASTRAZEN
IDX_NIFTY SMLCAP 250,STK_ATHERENERG
IDX_NIFTY SMLCAP 250,STK_ATUL
IDX_NIFTY SMLCAP 250,STK_AIIL
IDX_NIFTY SMLCAP 250,STK_BASF
IDX_NIFTY SMLCAP 250,STK_BEML
IDX_NIFTY SMLCAP 250,STK_BLS
IDX_NIFTY SMLCAP 250,STK_BALRAMCHIN
IDX_NIFTY SMLCAP 250,STK_BANDHANBNK
IDX_NIFTY SMLCAP 250,STK_BATAINDIA
IDX_NIFTY SMLCAP 250,STK_BAYERCROP
IDX_NIFTY SMLCAP 250,STK_BIKAJI
IDX_NIFTY SMLCAP 250,STK_BSOFT
IDX_NIFTY SMLCAP 250,STK_BLUEDART
IDX_NIFTY SMLCAP 250,STK_BLUEJET
IDX_NIFTY SMLCAP 250,STK_BBTC
IDX_NIFTY SMLCAP 250,STK_FIRSTCRY
IDX_NIFTY SMLCAP 250,STK_BRIGADE
IDX_NIFTY SMLCAP 250,STK_MAPMYINDIA
IDX_NIFTY SMLCAP 250,STK_CCL
IDX_NIFTY SMLCAP 250,STK_CESC
IDX_NIFTY SMLCAP 250,STK_CAMPUS
IDX_NIFTY SMLCAP 250,STK_CANFINHOME
IDX_NIFTY SMLCAP 250,STK_CAPLIPOINT
IDX_NIFTY SMLCAP 250,STK_CGCL
IDX_NIFTY SMLCAP 250,STK_CARBORUNIV
IDX_NIFTY SMLCAP 250,STK_CASTROLIND
IDX_NIFTY SMLCAP 250,STK_CEATLTD
IDX_NIFTY SMLCAP 250,STK_CENTRALBK
IDX_NIFTY SMLCAP 250,STK_CDSL
IDX_NIFTY SMLCAP 250,STK_CENTURYPLY
IDX_NIFTY SMLCAP 250,STK_CERA
IDX_NIFTY SMLCAP 250,STK_CHALET
IDX_NIFTY SMLCAP 250,STK_CHAMBLFERT
IDX_NIFTY SMLCAP 250,STK_CHENNPETRO
IDX_NIFTY SMLCAP 250,STK_CHOICEIN
IDX_NIFTY SMLCAP 250,STK_CHOLAHLDNG
IDX_NIFTY SMLCAP 250,STK_CUB
IDX_NIFTY SMLCAP 250,STK_CLEAN
IDX_NIFTY SMLCAP 250,STK_COHANCE
IDX_NIFTY SMLCAP 250,STK_CAMS
IDX_NIFTY SMLCAP 250,STK_CONCORDBIO
IDX_NIFTY SMLCAP 250,STK_CRAFTSMAN
IDX_NIFTY SMLCAP 250,STK_CREDITACC
IDX_NIFTY SMLCAP 250,STK_CROMPTON
IDX_NIFTY SMLCAP 250,STK_CYIENT
IDX_NIFTY SMLCAP 250,STK_DCMSHRIRAM
IDX_NIFTY SMLCAP 250,STK_DOMS
IDX_NIFTY SMLCAP 250,STK_DATAPATTNS
IDX_NIFTY SMLCAP 250,STK_DEEPAKFERT
IDX_NIFTY SMLCAP 250,STK_DELHIVERY
IDX_NIFTY SMLCAP 250,STK_DEVYANI
IDX_NIFTY SMLCAP 250,STK_AGARWALEYE
IDX_NIFTY SMLCAP 250,STK_LALPATHLAB
IDX_NIFTY SMLCAP 250,STK_EIDPARRY
IDX_NIFTY SMLCAP 250,STK_EIHOTEL
IDX_NIFTY SMLCAP 250,STK_ELECON
IDX_NIFTY SMLCAP 250,STK_ELGIEQUIP
IDX_NIFTY SMLCAP 250,STK_EMAMILTD
IDX_NIFTY SMLCAP 250,STK_EMCURE
IDX_NIFTY SMLCAP 250,STK_ENGINERSIN
IDX_NIFTY SMLCAP 250,STK_ERIS
IDX_NIFTY SMLCAP 250,STK_FINCABLES
IDX_NIFTY SMLCAP 250,STK_FINPIPE
IDX_NIFTY SMLCAP 250,STK_FSL
IDX_NIFTY SMLCAP 250,STK_FIVESTAR
IDX_NIFTY SMLCAP 250,STK_FORCEMOT
IDX_NIFTY SMLCAP 250,STK_GRSE
IDX_NIFTY SMLCAP 250,STK_GILLETTE
IDX_NIFTY SMLCAP 250,STK_GLAND
IDX_NIFTY SMLCAP 250,STK_GODIGIT
IDX_NIFTY SMLCAP 250,STK_GPIL
IDX_NIFTY SMLCAP 250,STK_GODREJAGRO
IDX_NIFTY SMLCAP 250,STK_GRANULES
IDX_NIFTY SMLCAP 250,STK_GRAPHITE
IDX_NIFTY SMLCAP 250,STK_GRAVITA
IDX_NIFTY SMLCAP 250,STK_GESHIP
IDX_NIFTY SMLCAP 250,STK_GMDCLTD
IDX_NIFTY SMLCAP 250,STK_GSPL
IDX_NIFTY SMLCAP 250,STK_HEG
IDX_NIFTY SMLCAP 250,STK_HBLENGINE
IDX_NIFTY SMLCAP 250,STK_HFCL
IDX_NIFTY SMLCAP 250,STK_HAPPSTMNDS
IDX_NIFTY SMLCAP 250,STK_HSCL
IDX_NIFTY SMLCAP 250,STK_HINDCOPPER
IDX_NIFTY SMLCAP 250,STK_HOMEFIRST
IDX_NIFTY SMLCAP 250,STK_HONASA
IDX_NIFTY SMLCAP 250,STK_IFCI
IDX_NIFTY SMLCAP 250,STK_IIFL
IDX_NIFTY SMLCAP 250,STK_INOXINDIA
IDX_NIFTY SMLCAP 250,STK_IRCON
IDX_NIFTY SMLCAP 250,STK_ITI
IDX_NIFTY SMLCAP 250,STK_INDGN
IDX_NIFTY SMLCAP 250,STK_INDIACEM
IDX_NIFTY SMLCAP 250,STK_INDIAMART
IDX_NIFTY SMLCAP 250,STK_IEX
IDX_NIFTY SMLCAP 250,STK_INOXWIND
IDX_NIFTY SMLCAP 250,STK_INTELLECT
IDX_NIFTY SMLCAP 250,STK_IGIL
IDX_NIFTY SMLCAP 250,STK_IKS
IDX_NIFTY SMLCAP 250,STK_JBCHEPHARM
IDX_NIFTY SMLCAP 250,STK_JBMA
IDX_NIFTY SMLCAP 250,STK_JKTYRE
IDX_NIFTY SMLCAP 250,STK_JMFINANCIL
IDX_NIFTY SMLCAP 250,STK_JPPOWER
IDX_NIFTY SMLCAP 250,STK_J&KBANK
IDX_NIFTY SMLCAP 250,STK_JINDALSAW
IDX_NIFTY SMLCAP 250,STK_JUBLINGREA
IDX_NIFTY SMLCAP 250,STK_JUBLPHARMA
IDX_NIFTY SMLCAP 250,STK_JWL
IDX_NIFTY SMLCAP 250,STK_JYOTHYLAB
IDX_NIFTY SMLCAP 250,STK_JYOTICNC
IDX_NIFTY SMLCAP 250,STK_KSB
IDX_NIFTY SMLCAP 250,STK_KAJARIACER
IDX_NIFTY SMLCAP 250,STK_KPIL
IDX_NIFTY SMLCAP 250,STK_KARURVYSYA
IDX_NIFTY SMLCAP 250,STK_KAYNES
IDX_NIFTY SMLCAP 250,STK_KEC
IDX_NIFTY SMLCAP 250,STK_KFINTECH
IDX_NIFTY SMLCAP 250,STK_KIRLOSBROS
IDX_NIFTY SMLCAP 250,STK_KIRLOSENG
IDX_NIFTY SMLCAP 250,STK_KIMS
IDX_NIFTY SMLCAP 250,STK_LTFOODS
IDX_NIFTY SMLCAP 250,STK_LATENTVIEW
IDX_NIFTY SMLCAP 250,STK_LAURUSLABS
IDX_NIFTY SMLCAP 250,STK_THELEELA
IDX_NIFTY SMLCAP 250,STK_LEMONTREE
IDX_NIFTY SMLCAP 250,STK_MMTC
IDX_NIFTY SMLCAP 250,STK_MGL
IDX_NIFTY SMLCAP 250,STK_MAHSCOOTER
IDX_NIFTY SMLCAP 250,STK_MAHSEAMLES
IDX_NIFTY SMLCAP 250,STK_MANAPPURAM
IDX_NIFTY SMLCAP 250,STK_MRPL
IDX_NIFTY SMLCAP 250,STK_METROPOLIS
IDX_NIFTY SMLCAP 250,STK_MINDACORP
IDX_NIFTY SMLCAP 250,STK_MSUMI
IDX_NIFTY SMLCAP 250,STK_MCX
IDX_NIFTY SMLCAP 250,STK_NATCOPHARM
IDX_NIFTY SMLCAP 250,STK_NBCC
IDX_NIFTY SMLCAP 250,STK_NCC
IDX_NIFTY SMLCAP 250,STK_NSLNISP
IDX_NIFTY SMLCAP 250,STK_NH
IDX_NIFTY SMLCAP 250,STK_NAVA
IDX_NIFTY SMLCAP 250,STK_NAVINFLUOR
IDX_NIFTY SMLCAP 250,STK_NETWEB
IDX_NIFTY SMLCAP 250,STK_NEULANDLAB
IDX_NIFTY SMLCAP 250,STK_NEWGEN
IDX_NIFTY SMLCAP 250,STK_NIVABUPA
IDX_NIFTY SMLCAP 250,STK_NUVAMA
IDX_NIFTY SMLCAP 250,STK_NUVOCO
IDX_NIFTY SMLCAP 250,STK_OLAELEC
IDX_NIFTY SMLCAP 250,STK_OLECTRA
IDX_NIFTY SMLCAP 250,STK_ONESOURCE
IDX_NIFTY SMLCAP 250,STK_PCBL
IDX_NIFTY SMLCAP 250,STK_PGEL
IDX_NIFTY SMLCAP 250,STK_PNBHOUSING
IDX_NIFTY SMLCAP 250,STK_PTCIL
IDX_NIFTY SMLCAP 250,STK_PVRINOX
IDX_NIFTY SMLCAP 250,STK_PFIZER
IDX_NIFTY SMLCAP 250,STK_PPLPHARMA
IDX_NIFTY SMLCAP 250,STK_POLYMED
IDX_NIFTY SMLCAP 250,STK_POONAWALLA
IDX_NIFTY SMLCAP 250,STK_PRAJIND
IDX_NIFTY SMLCAP 250,STK_RRKABEL
IDX_NIFTY SMLCAP 250,STK_RBLBANK
IDX_NIFTY SMLCAP 250,STK_RHIM
IDX_NIFTY SMLCAP 250,STK_RITES
IDX_NIFTY SMLCAP 250,STK_RADICO
IDX_NIFTY SMLCAP 250,STK_RAILTEL
IDX_NIFTY SMLCAP 250,STK_RAINBOW
IDX_NIFTY SMLCAP 250,STK_RKFORGE
IDX_NIFTY SMLCAP 250,STK_RCF
IDX_NIFTY SMLCAP 250,STK_REDINGTON
IDX_NIFTY SMLCAP 250,STK_RELINFRA
IDX_NIFTY SMLCAP 250,STK_RPOWER
IDX_NIFTY SMLCAP 250,STK_SBFC
IDX_NIFTY SMLCAP 250,STK_SKFINDIA
IDX_NIFTY SMLCAP 250,STK_SAGILITY
IDX_NIFTY SMLCAP 250,STK_SAILIFE
IDX_NIFTY SMLCAP 250,STK_SAMMAANCAP
IDX_NIFTY SMLCAP 250,STK_SAPPHIRE
IDX_NIFTY SMLCAP 250,STK_SARDAEN
IDX_NIFTY SMLCAP 250,STK_SAREGAMA
IDX_NIFTY SMLCAP 250,STK_SCHNEIDER
IDX_NIFTY SMLCAP 250,STK_SCI
IDX_NIFTY SMLCAP 250,STK_SHYAMMETL
IDX_NIFTY SMLCAP 250,STK_SIGNATURE
IDX_NIFTY SMLCAP 250,STK_SOBHA
IDX_NIFTY SMLCAP 250,STK_SONATSOFTW
IDX_NIFTY SMLCAP 250,STK_STARHEALTH
IDX_NIFTY SMLCAP 250,STK_SUMICHEM
IDX_NIFTY SMLCAP 250,STK_SUNTV
IDX_NIFTY SMLCAP 250,STK_SUNDRMFAST
IDX_NIFTY SMLCAP 250,STK_SWANCORP
IDX_NIFTY SMLCAP 250,STK_SYRMA
IDX_NIFTY SMLCAP 250,STK_TBOTEK
IDX_NIFTY SMLCAP 250,STK_TATACHEM
IDX_NIFTY SMLCAP 250,STK_TTML
IDX_NIFTY SMLCAP 250,STK_TECHNOE
IDX_NIFTY SMLCAP 250,STK_TEJASNET
IDX_NIFTY SMLCAP 250,STK_RAMCOCEM
IDX_NIFTY SMLCAP 250,STK_TIMKEN
IDX_NIFTY SMLCAP 250,STK_TITAGARH
IDX_NIFTY SMLCAP 250,STK_TARIL
IDX_NIFTY SMLCAP 250,STK_TRIDENT
IDX_NIFTY SMLCAP 250,STK_TRIVENI
IDX_NIFTY SMLCAP 250,STK_TRITURBINE
IDX_NIFTY SMLCAP 250,STK_UTIAMC
IDX_NIFTY SMLCAP 250,STK_USHAMART
IDX_NIFTY SMLCAP 250,STK_VGUARD
IDX_NIFTY SMLCAP 250,STK_DBREALTY
IDX_NIFTY SMLCAP 250,STK_VTL
IDX_NIFTY SMLCAP 250,STK_MANYAVAR
IDX_NIFTY SMLCAP 250,STK_VENTIVE
IDX_NIFTY SMLCAP 250,STK_VIJAYA
IDX_NIFTY SMLCAP 250,STK_WELCORP
IDX_NIFTY SMLCAP 250,STK_WELSPUNLIV
IDX_NIFTY SMLCAP 250,STK_WHIRLPOOL
IDX_NIFTY SMLCAP 250,STK_WOCKPHARMA
IDX_NIFTY SMLCAP 250,STK_ZFCVINDIA
IDX_NIFTY SMLCAP 250,STK_ZEEL
IDX_NIFTY SMLCAP 250,STK_ZENTEC
IDX_NIFTY SMLCAP 250,STK_ZENSARTECH
IDX_NIFTY SMLCAP 250,STK_ECLERX
IDX_NIFTY ENERGY,STK_ABB
IDX_NIFTY ENERGY,STK_ADANIENSOL
IDX_NIFTY ENERGY,STK_ADANIGREEN
IDX_NIFTY ENERGY,STK_ADANIPOWER
IDX_NIFTY ENERGY,STK_ATGL
IDX_NIFTY ENERGY,STK_AEGISLOG
IDX_NIFTY ENERGY,STK_BHEL
IDX_NIFTY ENERGY,STK_BPCL
IDX_NIFTY ENERGY,STK_CESC
IDX_NIFTY ENERGY,STK_CGPOWER
IDX_NIFTY ENERGY,STK_CASTROLIND
IDX_NIFTY ENERGY,STK_COALINDIA
IDX_NIFTY ENERGY,STK_GAIL
IDX_NIFTY ENERGY,STK_GVT&D
IDX_NIFTY ENERGY,STK_GUJGASLTD
IDX_NIFTY ENERGY,STK_GSPL
IDX_NIFTY ENERGY,STK_HINDPETRO
IDX_NIFTY ENERGY,STK_POWERINDIA
IDX_NIFTY ENERGY,STK_IOC
IDX_NIFTY ENERGY,STK_IGL
IDX_NIFTY ENERGY,STK_INOXWIND
IDX_NIFTY ENERGY,STK_JSWENERGY
IDX_NIFTY ENERGY,STK_JPPOWER
IDX_NIFTY ENERGY,STK_MGL
IDX_NIFTY ENERGY,STK_NHPC
IDX_NIFTY ENERGY,STK_NLCINDIA
IDX_NIFTY ENERGY,STK_NTPC
IDX_NIFTY ENERGY,STK_ONGC
IDX_NIFTY ENERGY,STK_OIL
IDX_NIFTY ENERGY,STK_PETRONET
IDX_NIFTY ENERGY,STK_POWERGRID
IDX_NIFTY ENERGY,STK_RELIANCE
IDX_NIFTY ENERGY,STK_RPOWER
IDX_NIFTY ENERGY,STK_SJVN
IDX_NIFTY ENERGY,STK_ENRIN
IDX_NIFTY ENERGY,STK_SIEMENS
IDX_NIFTY ENERGY,STK_SUZLON
IDX_NIFTY ENERGY,STK_TATAPOWER
IDX_NIFTY ENERGY,STK_THERMAX
IDX_NIFTY ENERGY,STK_TORNTPOWER
IDX_NIFTY FMCG,STK_BRITANNIA
IDX_NIFTY FMCG,STK_COLPAL
IDX_NIFTY FMCG,STK_DABUR
IDX_NIFTY FMCG,STK_DUMMYHDLVR
IDX_NIFTY FMCG,STK_EMAMILTD
IDX_NIFTY FMCG,STK_GODREJCP
IDX_NIFTY FMCG,STK_HINDUNILVR
IDX_NIFTY FMCG,STK_ITC
IDX_NIFTY FMCG,STK_MARICO
IDX_NIFTY FMCG,STK_NESTLEIND
IDX_NIFTY FMCG,STK_PATANJALI
IDX_NIFTY FMCG,STK_RADICO
IDX_NIFTY FMCG,STK_TATACONSUM
IDX_NIFTY FMCG,STK_UBL
IDX_NIFTY FMCG,STK_UNITDSPR
IDX_NIFTY FMCG,STK_VBL
IDX_NIFTY OIL AND GAS,STK_ATGL
IDX_NIFTY OIL AND GAS,STK_AEGISLOG
IDX_NIFTY OIL AND GAS,STK_BPCL
IDX_NIFTY OIL AND GAS,STK_CASTROLIND
IDX_NIFTY OIL AND GAS,STK_GAIL
IDX_NIFTY OIL AND GAS,STK_GUJGASLTD
IDX_NIFTY OIL AND GAS,STK_GSPL
IDX_NIFTY OIL AND GAS,STK_HINDPETRO
IDX_NIFTY OIL AND GAS,STK_IOC
IDX_NIFTY OIL AND GAS,STK_IGL
IDX_NIFTY OIL AND GAS,STK_MGL
IDX_NIFTY OIL AND GAS,STK_ONGC
IDX_NIFTY OIL AND GAS,STK_OIL
IDX_NIFTY OIL AND GAS,STK_PETRONET
IDX_NIFTY OIL AND GAS,STK_RELIANCE
IDX_NIFTY PHARMA,STK_ABBOTINDIA
IDX_NIFTY PHARMA,STK_AJANTPHARM
IDX_NIFTY PHARMA,STK_ALKEM
IDX_NIFTY PHARMA,STK_AUROPHARMA
IDX_NIFTY PHARMA,STK_BIOCON
IDX_NIFTY PHARMA,STK_CIPLA
IDX_NIFTY PHARMA,STK_DIVISLAB
IDX_NIFTY PHARMA,STK_DRREDDY
IDX_NIFTY PHARMA,STK_GLAND
IDX_NIFTY PHARMA,STK_GLENMARK
IDX_NIFTY PHARMA,STK_IPCALAB
IDX_NIFTY PHARMA,STK_JBCHEPHARM
IDX_NIFTY PHARMA,STK_LAURUSLABS
IDX_NIFTY PHARMA,STK_LUPIN
IDX_NIFTY PHARMA,STK_MANKIND
IDX_NIFTY PHARMA,STK_PPLPHARMA
IDX_NIFTY PHARMA,STK_SUNPHARMA
IDX_NIFTY PHARMA,STK_TORNTPHARM
IDX_NIFTY PHARMA,STK_WOCKPHARMA
IDX_NIFTY PHARMA,STK_ZYDUSLIFE
IDX_NIFTY PVT BANK,STK_AXISBANK
IDX_NIFTY PVT BANK,STK_BANDHANBNK
IDX_NIFTY PVT BANK,STK_FEDERALBNK
IDX_NIFTY PVT BANK,STK_HDFCBANK
IDX_NIFTY PVT BANK,STK_ICICIBANK
IDX_NIFTY PVT BANK,STK_IDFCFIRSTB
IDX_NIFTY PVT BANK,STK_INDUSINDBK
IDX_NIFTY PVT BANK,STK_KOTAKBANK
IDX_NIFTY PVT BANK,STK_RBLBANK
IDX_NIFTY PVT BANK,STK_YESBANK
IDX_NIFTY PSU BANK,STK_BANKBARODA
IDX_NIFTY PSU BANK,STK_BANKINDIA
IDX_NIFTY PSU BANK,STK_MAHABANK
IDX_NIFTY PSU BANK,STK_CANBK
IDX_NIFTY PSU BANK,STK_CENTRALBK
IDX_NIFTY PSU BANK,STK_INDIANB
IDX_NIFTY PSU BANK,STK_IOB
IDX_NIFTY PSU BANK,STK_PNB
IDX_NIFTY PSU BANK,STK_SBIN
IDX_NIFTY PSU BANK,STK_UCOBANK
IDX_NIFTY PSU BANK,STK_UNIONBANK
IDX_NIFTY REALTY,STK_ANANTRAJ
IDX_NIFTY REALTY,STK_BRIGADE
IDX_NIFTY REALTY,STK_DLF
IDX_NIFTY REALTY,STK_GODREJPROP
IDX_NIFTY REALTY,STK_LODHA
IDX_NIFTY REALTY,STK_OBEROIRLTY
IDX_NIFTY REALTY,STK_PHOENIXLTD
IDX_NIFTY REALTY,STK_PRESTIGE
IDX_NIFTY REALTY,STK_SIGNATURE
IDX_NIFTY REALTY,STK_SOBHA
IDX_NIFTY CAPITAL MARKETS,STK_360ONE
IDX_NIFTY CAPITAL MARKETS,STK_ABSLAMC
IDX_NIFTY CAPITAL MARKETS,STK_ANANDRATHI
IDX_NIFTY CAPITAL MARKETS,STK_ANGELONE
IDX_NIFTY CAPITAL MARKETS,STK_BSE
IDX_NIFTY CAPITAL MARKETS,STK_CDSL
IDX_NIFTY CAPITAL MARKETS,STK_CAMS
IDX_NIFTY CAPITAL MARKETS,STK_HDFCAMC
IDX_NIFTY CAPITAL MARKETS,STK_IEX
IDX_NIFTY CAPITAL MARKETS,STK_KFINTECH
IDX_NIFTY CAPITAL MARKETS,STK_MOTILALOFS
IDX_NIFTY CAPITAL MARKETS,STK_MCX
IDX_NIFTY CAPITAL MARKETS,STK_NAM-INDIA
IDX_NIFTY CAPITAL MARKETS,STK_NUVAMA
IDX_NIFTY CAPITAL MARKETS,STK_UTIAMC
IDX_NIFTY INDIA DEFENCE,STK_ASTRAMICRO
IDX_NIFTY INDIA DEFENCE,STK_BEML
IDX_NIFTY INDIA DEFENCE,STK_BDL
IDX_NIFTY INDIA DEFENCE,STK_BEL
IDX_NIFTY INDIA DEFENCE,STK_BHARATFORG
IDX_NIFTY INDIA DEFENCE,STK_COCHINSHIP
IDX_NIFTY INDIA DEFENCE,STK_CYIENTDLM
IDX_NIFTY INDIA DEFENCE,STK_DATAPATTNS
IDX_NIFTY INDIA DEFENCE,STK_DYNAMATECH
IDX_NIFTY INDIA DEFENCE,STK_GRSE
IDX_NIFTY INDIA DEFENCE,STK_HAL
IDX_NIFTY INDIA DEFENCE,STK_MTARTECH
IDX_NIFTY INDIA DEFENCE,STK_MAZDOCK
IDX_NIFTY INDIA DEFENCE,STK_MIDHANI
IDX_NIFTY INDIA DEFENCE,STK_PARAS
IDX_NIFTY INDIA DEFENCE,STK_SOLARINDS
IDX_NIFTY INDIA DEFENCE,STK_UNIMECH
IDX_NIFTY INDIA DEFENCE,STK_ZENTEC
IDX_NIFTY COMMODITIES,STK_APLAPOLLO
IDX_NIFTY COMMODITIES,STK_ADANIENSOL
IDX_NIFTY COMMODITIES,STK_ADANIGREEN
IDX_NIFTY COMMODITIES,STK_ADANIPOWER
IDX_NIFTY COMMODITIES,STK_AMBUJACEM
IDX_NIFTY COMMODITIES,STK_BPCL
IDX_NIFTY COMMODITIES,STK_COALINDIA
IDX_NIFTY COMMODITIES,STK_GRASIM
IDX_NIFTY COMMODITIES,STK_HINDALCO
IDX_NIFTY COMMODITIES,STK_HINDPETRO
IDX_NIFTY COMMODITIES,STK_IOC
IDX_NIFTY COMMODITIES,STK_JSWENERGY
IDX_NIFTY COMMODITIES,STK_JSWSTEEL
IDX_NIFTY COMMODITIES,STK_JINDALSTEL
IDX_NIFTY COMMODITIES,STK_NHPC
IDX_NIFTY COMMODITIES,STK_NMDC
IDX_NIFTY COMMODITIES,STK_NTPC
IDX_NIFTY COMMODITIES,STK_ONGC
IDX_NIFTY COMMODITIES,STK_OIL
IDX_NIFTY COMMODITIES,STK_PIIND
IDX_NIFTY COMMODITIES,STK_PIDILITIND
IDX_NIFTY COMMODITIES,STK_RELIANCE
IDX_NIFTY COMMODITIES,STK_SRF
IDX_NIFTY COMMODITIES,STK_SHREECEM
IDX_NIFTY COMMODITIES,STK_TATAPOWER
IDX_NIFTY COMMODITIES,STK_TATASTEEL
IDX_NIFTY COMMODITIES,STK_TORNTPOWER
IDX_NIFTY COMMODITIES,STK_UPL
IDX_NIFTY COMMODITIES,STK_ULTRACEMCO
IDX_NIFTY COMMODITIES,STK_VEDL
IDX_NIFTY PSE,STK_BEL
IDX_NIFTY PSE,STK_BHEL
IDX_NIFTY PSE,STK_BPCL
IDX_NIFTY PSE,STK_COALINDIA
IDX_NIFTY PSE,STK_CONCOR
IDX_NIFTY PSE,STK_GAIL
IDX_NIFTY PSE,STK_HAL
IDX_NIFTY PSE,STK_HINDPETRO
IDX_NIFTY PSE,STK_IOC
IDX_NIFTY PSE,STK_IRCTC
IDX_NIFTY PSE,STK_IRFC
IDX_NIFTY PSE,STK_NHPC
IDX_NIFTY PSE,STK_NMDC
IDX_NIFTY PSE,STK_NTPC
IDX_NIFTY PSE,STK_ONGC
IDX_NIFTY PSE,STK_OIL
IDX_NIFTY PSE,STK_PFC
IDX_NIFTY PSE,STK_POWERGRID
IDX_NIFTY PSE,STK_RECLTD
IDX_NIFTY PSE,STK_RVNL
IDX_NIFTY CPSE,STK_BEL
IDX_NIFTY CPSE,STK_COALINDIA
IDX_NIFTY CPSE,STK_COCHINSHIP
IDX_NIFTY CPSE,STK_NBCC
IDX_NIFTY CPSE,STK_NHPC
IDX_NIFTY CPSE,STK_NLCINDIA
IDX_NIFTY CPSE,STK_NTPC
IDX_NIFTY CPSE,STK_ONGC
IDX_NIFTY CPSE,STK_OIL
IDX_NIFTY CPSE,STK_POWERGRID
IDX_NIFTY CPSE,STK_SJVN
IDX_NIFTY MNC,STK_3MINDIA
IDX_NIFTY MNC,STK_ABB
IDX_NIFTY MNC,STK_ABBOTINDIA
IDX_NIFTY MNC,STK_AMBUJACEM
IDX_NIFTY MNC,STK_ASHOKLEY
IDX_NIFTY MNC,STK_BOSCHLTD
IDX_NIFTY MNC,STK_BRITANNIA
IDX_NIFTY MNC,STK_CRISIL
IDX_NIFTY MNC,STK_CASTROLIND
IDX_NIFTY MNC,STK_COHANCE
IDX_NIFTY MNC,STK_COLPAL
IDX_NIFTY MNC,STK_CUMMINSIND
IDX_NIFTY MNC,STK_DUMMYHDLVR
IDX_NIFTY MNC,STK_ESCORTS
IDX_NIFTY MNC,STK_GLAND
IDX_NIFTY MNC,STK_HINDUNILVR
IDX_NIFTY MNC,STK_POWERINDIA
IDX_NIFTY MNC,STK_HYUNDAI
IDX_NIFTY MNC,STK_LINDEINDIA
IDX_NIFTY MNC,STK_MARUTI
IDX_NIFTY MNC,STK_NESTLEIND
IDX_NIFTY MNC,STK_OFSS
IDX_NIFTY MNC,STK_PGHH
IDX_NIFTY MNC,STK_SKFINDIA
IDX_NIFTY MNC,STK_SCHAEFFLER
IDX_NIFTY MNC,STK_ENRIN
IDX_NIFTY MNC,STK_SIEMENS
IDX_NIFTY MNC,STK_TIMKEN
IDX_NIFTY MNC,STK_UBL
IDX_NIFTY MNC,STK_UNITDSPR
IDX_NIFTY MNC,STK_VEDL
IDX_NIFTY INDIA TOURISM,STK_BLS
IDX_NIFTY INDIA TOURISM,STK_CHALET
IDX_NIFTY INDIA TOURISM,STK_DEVYANI
IDX_NIFTY INDIA TOURISM,STK_EIHOTEL
IDX_NIFTY INDIA TOURISM,STK_GMRAIRPORT
IDX_NIFTY INDIA TOURISM,STK_ITCHOTELS
IDX_NIFTY INDIA TOURISM,STK_INDHOTEL
IDX_NIFTY INDIA TOURISM,STK_IRCTC
IDX_NIFTY INDIA TOURISM,STK_INDIGO
IDX_NIFTY INDIA TOURISM,STK_JUBLFOOD
IDX_NIFTY INDIA TOURISM,STK_THELEELA
IDX_NIFTY INDIA TOURISM,STK_LEMONTREE
IDX_NIFTY INDIA TOURISM,STK_SAPPHIRE
IDX_NIFTY INDIA TOURISM,STK_TBOTEK
IDX_NIFTY INDIA TOURISM,STK_DBREALTY
IDX_NIFTY INDIA TOURISM,STK_VENTIVE
IDX_NIFTY CONSUMPTION,STK_ADANIPOWER
IDX_NIFTY CONSUMPTION,STK_APOLLOHOSP
IDX_NIFTY CONSUMPTION,STK_ASIANPAINT
IDX_NIFTY CONSUMPTION,STK_DMART
IDX_NIFTY CONSUMPTION,STK_BAJAJ-AUTO
IDX_NIFTY CONSUMPTION,STK_BHARTIARTL
IDX_NIFTY CONSUMPTION,STK_BRITANNIA
IDX_NIFTY CONSUMPTION,STK_DLF
IDX_NIFTY CONSUMPTION,STK_DIXON
IDX_NIFTY CONSUMPTION,STK_DUMMYHDLVR
IDX_NIFTY CONSUMPTION,STK_EICHERMOT
IDX_NIFTY CONSUMPTION,STK_ETERNAL
IDX_NIFTY CONSUMPTION,STK_GODREJCP
IDX_NIFTY CONSUMPTION,STK_HAVELLS
IDX_NIFTY CONSUMPTION,STK_HEROMOTOCO
IDX_NIFTY CONSUMPTION,STK_HINDUNILVR
IDX_NIFTY CONSUMPTION,STK_ITC
IDX_NIFTY CONSUMPTION,STK_INDHOTEL
IDX_NIFTY CONSUMPTION,STK_NAUKRI
IDX_NIFTY CONSUMPTION,STK_INDIGO
IDX_NIFTY CONSUMPTION,STK_M&M
IDX_NIFTY CONSUMPTION,STK_MARUTI
IDX_NIFTY CONSUMPTION,STK_MAXHEALTH
IDX_NIFTY CONSUMPTION,STK_NESTLEIND
IDX_NIFTY CONSUMPTION,STK_TVSMOTOR
IDX_NIFTY CONSUMPTION,STK_TATACONSUM
IDX_NIFTY CONSUMPTION,STK_TATAPOWER
IDX_NIFTY CONSUMPTION,STK_TITAN
IDX_NIFTY CONSUMPTION,STK_TRENT
IDX_NIFTY CONSUMPTION,STK_UNITDSPR
IDX_NIFTY CONSUMPTION,STK_VBL
IDX_NIFTY INFRA,STK_ADANIGREEN
IDX_NIFTY INFRA,STK_ADANIPORTS
IDX_NIFTY INFRA,STK_AMBUJACEM
IDX_NIFTY INFRA,STK_APOLLOHOSP
IDX_NIFTY INFRA,STK_ASHOKLEY
IDX_NIFTY INFRA,STK_BHARATFORG
IDX_NIFTY INFRA,STK_BPCL
IDX_NIFTY INFRA,STK_BHARTIARTL
IDX_NIFTY INFRA,STK_CGPOWER
IDX_NIFTY INFRA,STK_CUMMINSIND
IDX_NIFTY INFRA,STK_DLF
IDX_NIFTY INFRA,STK_GAIL
IDX_NIFTY INFRA,STK_GODREJPROP
IDX_NIFTY INFRA,STK_GRASIM
IDX_NIFTY INFRA,STK_HINDPETRO
IDX_NIFTY INFRA,STK_INDHOTEL
IDX_NIFTY INFRA,STK_IOC
IDX_NIFTY INFRA,STK_INDUSTOWER
IDX_NIFTY INFRA,STK_INDIGO
IDX_NIFTY INFRA,STK_LT
IDX_NIFTY INFRA,STK_MAXHEALTH
IDX_NIFTY INFRA,STK_NTPC
IDX_NIFTY INFRA,STK_ONGC
IDX_NIFTY INFRA,STK_POWERGRID
IDX_NIFTY INFRA,STK_RELIANCE
IDX_NIFTY INFRA,STK_MOTHERSON
IDX_NIFTY INFRA,STK_SHREECEM
IDX_NIFTY INFRA,STK_SUZLON
IDX_NIFTY INFRA,STK_TATAPOWER
IDX_NIFTY INFRA,STK_ULTRACEMCO
IDX_NIFTY FIN SERVICE,STK_AXISBANK
IDX_NIFTY FIN SERVICE,STK_BSE
IDX_NIFTY FIN SERVICE,STK_BAJFINANCE
IDX_NIFTY FIN SERVICE,STK_BAJAJFINSV
IDX_NIFTY FIN SERVICE,STK_CHOLAFIN
IDX_NIFTY FIN SERVICE,STK_HDFCBANK
IDX_NIFTY FIN SERVICE,STK_HDFCLIFE
IDX_NIFTY FIN SERVICE,STK_ICICIBANK
IDX_NIFTY FIN SERVICE,STK_ICICIGI
IDX_NIFTY FIN SERVICE,STK_ICICIPRULI
IDX_NIFTY FIN SERVICE,STK_JIOFIN
IDX_NIFTY FIN SERVICE,STK_KOTAKBANK
IDX_NIFTY FIN SERVICE,STK_LICHSGFIN
IDX_NIFTY FIN SERVICE,STK_MUTHOOTFIN
IDX_NIFTY FIN SERVICE,STK_PFC
IDX_NIFTY FIN SERVICE,STK_RECLTD
IDX_NIFTY FIN SERVICE,STK_SBICARD
IDX_NIFTY FIN SERVICE,STK_SBILIFE
IDX_NIFTY FIN SERVICE,STK_SHRIRAMFIN
IDX_NIFTY FIN SERVICE,STK_SBIN
IDX_NIFTY SMLCAP 100,STK_AADHARHFC
IDX_NIFTY SMLCAP 100,STK_AARTIIND
IDX_NIFTY SMLCAP 100,STK_ABREL
IDX_NIFTY SMLCAP 100,STK_AEGISLOG
IDX_NIFTY SMLCAP 100,STK_AEGISVOPAK
IDX_NIFTY SMLCAP 100,STK_AFCONS
IDX_NIFTY SMLCAP 100,STK_AFFLE
IDX_NIFTY SMLCAP 100,STK_ARE&M
IDX_NIFTY SMLCAP 100,STK_AMBER
IDX_NIFTY SMLCAP 100,STK_ANANDRATHI
IDX_NIFTY SMLCAP 100,STK_ANANTRAJ
IDX_NIFTY SMLCAP 100,STK_ANGELONE
IDX_NIFTY SMLCAP 100,STK_APTUS
IDX_NIFTY SMLCAP 100,STK_ASTERDM
IDX_NIFTY SMLCAP 100,STK_ATUL
IDX_NIFTY SMLCAP 100,STK_BEML
IDX_NIFTY SMLCAP 100,STK_BLS
IDX_NIFTY SMLCAP 100,STK_BANDHANBNK
IDX_NIFTY SMLCAP 100,STK_FIRSTCRY
IDX_NIFTY SMLCAP 100,STK_BRIGADE
IDX_NIFTY SMLCAP 100,STK_CESC
IDX_NIFTY SMLCAP 100,STK_CGCL
IDX_NIFTY SMLCAP 100,STK_CASTROLIND
IDX_NIFTY SMLCAP 100,STK_CDSL
IDX_NIFTY SMLCAP 100,STK_CHAMBLFERT
IDX_NIFTY SMLCAP 100,STK_CHOLAHLDNG
IDX_NIFTY SMLCAP 100,STK_CAMS
IDX_NIFTY SMLCAP 100,STK_CREDITACC
IDX_NIFTY SMLCAP 100,STK_CROMPTON
IDX_NIFTY SMLCAP 100,STK_CYIENT
IDX_NIFTY SMLCAP 100,STK_DATAPATTNS
IDX_NIFTY SMLCAP 100,STK_DEEPAKFERT
IDX_NIFTY SMLCAP 100,STK_DELHIVERY
IDX_NIFTY SMLCAP 100,STK_DEVYANI
IDX_NIFTY SMLCAP 100,STK_LALPATHLAB
IDX_NIFTY SMLCAP 100,STK_FSL
IDX_NIFTY SMLCAP 100,STK_FIVESTAR
IDX_NIFTY SMLCAP 100,STK_GRSE
IDX_NIFTY SMLCAP 100,STK_GILLETTE
IDX_NIFTY SMLCAP 100,STK_GLAND
IDX_NIFTY SMLCAP 100,STK_GODIGIT
IDX_NIFTY SMLCAP 100,STK_GESHIP
IDX_NIFTY SMLCAP 100,STK_HBLENGINE
IDX_NIFTY SMLCAP 100,STK_HSCL
IDX_NIFTY SMLCAP 100,STK_HINDCOPPER
IDX_NIFTY SMLCAP 100,STK_IFCI
IDX_NIFTY SMLCAP 100,STK_IIFL
IDX_NIFTY SMLCAP 100,STK_IRCON
IDX_NIFTY SMLCAP 100,STK_IEX
IDX_NIFTY SMLCAP 100,STK_INOXWIND
IDX_NIFTY SMLCAP 100,STK_IGIL
IDX_NIFTY SMLCAP 100,STK_IKS
IDX_NIFTY SMLCAP 100,STK_JBCHEPHARM
IDX_NIFTY SMLCAP 100,STK_JBMA
IDX_NIFTY SMLCAP 100,STK_JINDALSAW
IDX_NIFTY SMLCAP 100,STK_JWL
IDX_NIFTY SMLCAP 100,STK_JYOTICNC
IDX_NIFTY SMLCAP 100,STK_KAJARIACER
IDX_NIFTY SMLCAP 100,STK_KPIL
IDX_NIFTY SMLCAP 100,STK_KARURVYSYA
IDX_NIFTY SMLCAP 100,STK_KAYNES
IDX_NIFTY SMLCAP 100,STK_KEC
IDX_NIFTY SMLCAP 100,STK_KFINTECH
IDX_NIFTY SMLCAP 100,STK_LAURUSLABS
IDX_NIFTY SMLCAP 100,STK_MGL
IDX_NIFTY SMLCAP 100,STK_MANAPPURAM
IDX_NIFTY SMLCAP 100,STK_MRPL
IDX_NIFTY SMLCAP 100,STK_MCX
IDX_NIFTY SMLCAP 100,STK_NATCOPHARM
IDX_NIFTY SMLCAP 100,STK_NBCC
IDX_NIFTY SMLCAP 100,STK_NCC
IDX_NIFTY SMLCAP 100,STK_NH
IDX_NIFTY SMLCAP 100,STK_NAVINFLUOR
IDX_NIFTY SMLCAP 100,STK_NEULANDLAB
IDX_NIFTY SMLCAP 100,STK_NEWGEN
IDX_NIFTY SMLCAP 100,STK_NUVAMA
IDX_NIFTY SMLCAP 100,STK_OLAELEC
IDX_NIFTY SMLCAP 100,STK_PCBL
IDX_NIFTY SMLCAP 100,STK_PGEL
IDX_NIFTY SMLCAP 100,STK_PNBHOUSING
IDX_NIFTY SMLCAP 100,STK_PPLPHARMA
IDX_NIFTY SMLCAP 100,STK_POONAWALLA
IDX_NIFTY SMLCAP 100,STK_RADICO
IDX_NIFTY SMLCAP 100,STK_REDINGTON
IDX_NIFTY SMLCAP 100,STK_RPOWER
IDX_NIFTY SMLCAP 100,STK_SAGILITY
IDX_NIFTY SMLCAP 100,STK_SHYAMMETL
IDX_NIFTY SMLCAP 100,STK_SIGNATURE
IDX_NIFTY SMLCAP 100,STK_STARHEALTH
IDX_NIFTY SMLCAP 100,STK_SWANCORP
IDX_NIFTY SMLCAP 100,STK_TATACHEM
IDX_NIFTY SMLCAP 100,STK_TEJASNET
IDX_NIFTY SMLCAP 100,STK_RAMCOCEM
IDX_NIFTY SMLCAP 100,STK_TRIDENT
IDX_NIFTY SMLCAP 100,STK_TRITURBINE
IDX_NIFTY SMLCAP 100,STK_WELCORP
IDX_NIFTY SMLCAP 100,STK_WHIRLPOOL
IDX_NIFTY SMLCAP 100,STK_WOCKPHARMA
IDX_NIFTY SMLCAP 100,STK_ZENTEC
IDX_NIFTY SMLCAP 100,STK_ZENSARTECH
